TRADE_DT,TIME_STAMP,INDEX,INDEX_VALUE
05/09/22,03:15:01.425,VIX,31.9
05/09/22,03:15:16.219,VIX,31.9
05/09/22,03:15:31.234,VIX,31.9
05/09/22,03:15:46.262,VIX,31.92
05/09/22,03:16:01.324,VIX,31.99
05/09/22,03:16:16.263,VIX,32.04
05/09/22,03:16:31.419,VIX,32.03
05/09/22,03:16:46.159,VIX,32.06
05/09/22,03:17:01.267,VIX,32.01
05/09/22,03:17:16.333,VIX,32.07
05/09/22,03:17:31.341,VIX,32.06
05/09/22,03:17:46.365,VIX,32.08
05/09/22,03:18:01.270,VIX,32.07
05/09/22,03:18:16.326,VIX,32.05
05/09/22,03:18:31.347,VIX,32.05
05/09/22,03:18:46.168,VIX,32.04
05/09/22,03:19:01.338,VIX,32.05
05/09/22,03:19:16.344,VIX,32.07
05/09/22,03:19:31.358,VIX,32.07
05/09/22,03:19:46.327,VIX,32.09
05/09/22,03:20:01.205,VIX,32.09
05/09/22,03:20:16.251,VIX,32.1
05/09/22,03:20:31.264,VIX,32.14
05/09/22,03:20:46.215,VIX,32.16
05/09/22,03:21:01.241,VIX,32.16
05/09/22,03:21:16.349,VIX,32.17
05/09/22,03:21:31.224,VIX,32.17
05/09/22,03:21:46.297,VIX,32.22
05/09/22,03:22:01.258,VIX,32.23
05/09/22,03:22:16.319,VIX,32.26
05/09/22,03:22:31.246,VIX,32.26
05/09/22,03:22:46.365,VIX,32.25
05/09/22,03:23:01.334,VIX,32.26
05/09/22,03:23:16.274,VIX,32.29
05/09/22,03:23:31.296,VIX,32.28
05/09/22,03:23:46.314,VIX,32.3
05/09/22,03:24:01.217,VIX,32.32
05/09/22,03:24:16.261,VIX,32.32
05/09/22,03:24:31.271,VIX,32.31
05/09/22,03:24:46.239,VIX,32.35
05/09/22,03:25:01.304,VIX,32.33
05/09/22,03:25:16.349,VIX,32.34
05/09/22,03:25:31.277,VIX,32.35
05/09/22,03:25:46.337,VIX,32.37
05/09/22,03:26:01.301,VIX,32.36
05/09/22,03:26:16.216,VIX,32.39
05/09/22,03:26:31.217,VIX,32.36
05/09/22,03:26:46.286,VIX,32.31
05/09/22,03:27:01.224,VIX,32.3
05/09/22,03:27:16.337,VIX,32.27
05/09/22,03:27:31.228,VIX,32.29
05/09/22,03:27:46.267,VIX,32.31
05/09/22,03:28:01.263,VIX,32.26
05/09/22,03:28:16.285,VIX,32.29
05/09/22,03:28:31.173,VIX,32.32
05/09/22,03:28:46.244,VIX,32.31
05/09/22,03:29:01.185,VIX,32.31
05/09/22,03:29:16.357,VIX,32.32
05/09/22,03:29:31.225,VIX,32.3
05/09/22,03:29:46.284,VIX,32.26
05/09/22,03:30:01.278,VIX,32.26
05/09/22,03:30:16.256,VIX,32.27
05/09/22,03:30:31.333,VIX,32.25
05/09/22,03:30:46.264,VIX,32.25
05/09/22,03:31:01.316,VIX,32.29
05/09/22,03:31:16.318,VIX,32.29
05/09/22,03:31:31.304,VIX,32.26
05/09/22,03:31:46.523,VIX,32.28
05/09/22,03:32:01.214,VIX,32.27
05/09/22,03:32:16.332,VIX,32.22
05/09/22,03:32:31.325,VIX,32.23
05/09/22,03:32:46.321,VIX,32.22
05/09/22,03:33:01.126,VIX,32.15
05/09/22,03:33:16.320,VIX,32.13
05/09/22,03:33:31.322,VIX,32.13
05/09/22,03:33:46.246,VIX,32.16
05/09/22,03:34:01.255,VIX,32.14
05/09/22,03:34:16.256,VIX,32.11
05/09/22,03:34:31.339,VIX,32.11
05/09/22,03:34:46.251,VIX,32.08
05/09/22,03:35:01.252,VIX,32.08
05/09/22,03:35:16.382,VIX,32.05
05/09/22,03:35:31.377,VIX,32.03
05/09/22,03:35:46.398,VIX,32.03
05/09/22,03:36:01.490,VIX,32.03
05/09/22,03:36:16.273,VIX,32.04
05/09/22,03:36:31.322,VIX,32.06
05/09/22,03:36:46.290,VIX,32.07
05/09/22,03:37:01.266,VIX,32.07
05/09/22,03:37:16.334,VIX,32.12
05/09/22,03:37:31.253,VIX,32.12
05/09/22,03:37:46.383,VIX,32.13
05/09/22,03:38:01.324,VIX,32.11
05/09/22,03:38:16.332,VIX,32.11
05/09/22,03:38:31.319,VIX,32.09
05/09/22,03:38:46.350,VIX,32.07
05/09/22,03:39:01.309,VIX,32.07
05/09/22,03:39:16.413,VIX,32.09
05/09/22,03:39:31.373,VIX,32.09
05/09/22,03:39:46.421,VIX,32.09
05/09/22,03:40:01.255,VIX,32.09
05/09/22,03:40:16.230,VIX,32.11
05/09/22,03:40:31.343,VIX,32.11
05/09/22,03:40:46.258,VIX,32.11
05/09/22,03:41:01.356,VIX,32.1
05/09/22,03:41:16.239,VIX,32.12
05/09/22,03:41:31.401,VIX,32.14
05/09/22,03:41:46.237,VIX,32.12
05/09/22,03:42:01.237,VIX,32.14
05/09/22,03:42:16.321,VIX,32.15
05/09/22,03:42:31.378,VIX,32.18
05/09/22,03:42:46.321,VIX,32.21
05/09/22,03:43:01.249,VIX,32.22
05/09/22,03:43:16.259,VIX,32.22
05/09/22,03:43:31.298,VIX,32.21
05/09/22,03:43:46.297,VIX,32.2
05/09/22,03:44:01.314,VIX,32.2
05/09/22,03:44:16.215,VIX,32.19
05/09/22,03:44:31.336,VIX,32.2
05/09/22,03:44:46.233,VIX,32.21
05/09/22,03:45:01.383,VIX,32.24
05/09/22,03:45:16.302,VIX,32.21
05/09/22,03:45:31.284,VIX,32.25
05/09/22,03:45:46.347,VIX,32.26
05/09/22,03:46:01.311,VIX,32.26
05/09/22,03:46:16.330,VIX,32.27
05/09/22,03:46:31.382,VIX,32.24
05/09/22,03:46:46.222,VIX,32.22
05/09/22,03:47:01.244,VIX,32.25
05/09/22,03:47:16.275,VIX,32.24
05/09/22,03:47:31.337,VIX,32.22
05/09/22,03:47:46.211,VIX,32.24
05/09/22,03:48:01.282,VIX,32.22
05/09/22,03:48:16.431,VIX,32.25
05/09/22,03:48:31.356,VIX,32.23
05/09/22,03:48:46.299,VIX,32.23
05/09/22,03:49:01.373,VIX,32.23
05/09/22,03:49:16.287,VIX,32.21
05/09/22,03:49:31.234,VIX,32.19
05/09/22,03:49:46.314,VIX,32.21
05/09/22,03:50:01.299,VIX,32.21
05/09/22,03:50:16.263,VIX,32.2
05/09/22,03:50:31.373,VIX,32.2
05/09/22,03:50:46.225,VIX,32.22
05/09/22,03:51:01.326,VIX,32.22
05/09/22,03:51:16.271,VIX,32.23
05/09/22,03:51:31.345,VIX,32.24
05/09/22,03:51:46.262,VIX,32.22
05/09/22,03:52:01.396,VIX,32.24
05/09/22,03:52:16.508,VIX,32.23
05/09/22,03:52:31.518,VIX,32.22
05/09/22,03:52:46.296,VIX,32.2
05/09/22,03:53:01.224,VIX,32.24
05/09/22,03:53:16.345,VIX,32.29
05/09/22,03:53:31.223,VIX,32.29
05/09/22,03:53:46.380,VIX,32.31
05/09/22,03:54:01.253,VIX,32.31
05/09/22,03:54:16.298,VIX,32.42
05/09/22,03:54:31.225,VIX,32.43
05/09/22,03:54:46.454,VIX,32.41
05/09/22,03:55:01.400,VIX,32.4
05/09/22,03:55:16.275,VIX,32.47
05/09/22,03:55:31.272,VIX,32.41
05/09/22,03:55:46.237,VIX,32.42
05/09/22,03:56:01.385,VIX,32.43
05/09/22,03:56:16.245,VIX,32.42
05/09/22,03:56:31.284,VIX,32.43
05/09/22,03:56:46.385,VIX,32.45
05/09/22,03:57:01.372,VIX,32.44
05/09/22,03:57:16.285,VIX,32.45
05/09/22,03:57:31.238,VIX,32.45
05/09/22,03:57:46.139,VIX,32.47
05/09/22,03:58:01.362,VIX,32.47
05/09/22,03:58:16.160,VIX,32.46
05/09/22,03:58:31.258,VIX,32.46
05/09/22,03:58:46.317,VIX,32.48
05/09/22,03:59:01.267,VIX,32.53
05/09/22,03:59:16.218,VIX,32.55
05/09/22,03:59:31.279,VIX,32.57
05/09/22,03:59:46.324,VIX,32.54
05/09/22,04:00:01.114,VIX,32.55
05/09/22,04:00:16.349,VIX,32.58
05/09/22,04:00:31.302,VIX,32.62
05/09/22,04:00:46.222,VIX,32.62
05/09/22,04:01:01.158,VIX,32.63
05/09/22,04:01:16.231,VIX,32.63
05/09/22,04:01:31.405,VIX,32.64
05/09/22,04:01:46.221,VIX,32.64
05/09/22,04:02:01.319,VIX,32.63
05/09/22,04:02:16.406,VIX,32.66
05/09/22,04:02:31.239,VIX,32.68
05/09/22,04:02:46.433,VIX,32.68
05/09/22,04:03:01.381,VIX,32.69
05/09/22,04:03:16.320,VIX,32.69
05/09/22,04:03:31.222,VIX,32.71
05/09/22,04:03:46.397,VIX,32.71
05/09/22,04:04:01.254,VIX,32.71
05/09/22,04:04:16.260,VIX,32.77
05/09/22,04:04:31.344,VIX,32.77
05/09/22,04:04:46.237,VIX,32.72
05/09/22,04:05:01.324,VIX,32.73
05/09/22,04:05:16.250,VIX,32.74
05/09/22,04:05:31.357,VIX,32.76
05/09/22,04:05:46.330,VIX,32.78
05/09/22,04:06:01.434,VIX,32.76
05/09/22,04:06:16.365,VIX,32.77
05/09/22,04:06:31.187,VIX,32.76
05/09/22,04:06:46.248,VIX,32.77
05/09/22,04:07:01.375,VIX,32.77
05/09/22,04:07:16.527,VIX,32.77
05/09/22,04:07:31.128,VIX,32.75
05/09/22,04:07:46.324,VIX,32.73
05/09/22,04:08:01.334,VIX,32.73
05/09/22,04:08:16.495,VIX,32.73
05/09/22,04:08:31.424,VIX,32.71
05/09/22,04:08:46.312,VIX,32.67
05/09/22,04:09:01.351,VIX,32.67
05/09/22,04:09:16.354,VIX,32.65
05/09/22,04:09:31.279,VIX,32.61
05/09/22,04:09:46.343,VIX,32.64
05/09/22,04:10:01.393,VIX,32.64
05/09/22,04:10:16.122,VIX,32.68
05/09/22,04:10:31.249,VIX,32.65
05/09/22,04:10:46.326,VIX,32.62
05/09/22,04:11:01.271,VIX,32.59
05/09/22,04:11:16.360,VIX,32.6
05/09/22,04:11:31.330,VIX,32.59
05/09/22,04:11:46.223,VIX,32.62
05/09/22,04:12:01.320,VIX,32.65
05/09/22,04:12:16.349,VIX,32.66
05/09/22,04:12:31.358,VIX,32.64
05/09/22,04:12:46.454,VIX,32.65
05/09/22,04:13:01.286,VIX,32.67
05/09/22,04:13:16.328,VIX,32.67
05/09/22,04:13:31.227,VIX,32.69
05/09/22,04:13:46.393,VIX,32.67
05/09/22,04:14:01.241,VIX,32.68
05/09/22,04:14:16.347,VIX,32.68
05/09/22,04:14:31.189,VIX,32.67
05/09/22,04:14:46.348,VIX,32.68
05/09/22,04:15:01.313,VIX,32.69
05/09/22,04:15:16.510,VIX,32.67
05/09/22,04:15:31.448,VIX,32.68
05/09/22,04:15:46.331,VIX,32.7
05/09/22,04:16:01.214,VIX,32.74
05/09/22,04:16:16.344,VIX,32.79
05/09/22,04:16:31.393,VIX,32.76
05/09/22,04:16:46.314,VIX,32.71
05/09/22,04:17:01.391,VIX,32.64
05/09/22,04:17:16.298,VIX,32.63
05/09/22,04:17:31.223,VIX,32.62
05/09/22,04:17:46.184,VIX,32.65
05/09/22,04:18:01.297,VIX,32.66
05/09/22,04:18:16.314,VIX,32.66
05/09/22,04:18:31.228,VIX,32.67
05/09/22,04:18:46.308,VIX,32.72
05/09/22,04:19:01.155,VIX,32.74
05/09/22,04:19:16.349,VIX,32.73
05/09/22,04:19:31.239,VIX,32.75
05/09/22,04:19:46.495,VIX,32.79
05/09/22,04:20:01.142,VIX,32.76
05/09/22,04:20:16.358,VIX,32.76
05/09/22,04:20:31.308,VIX,32.74
05/09/22,04:20:46.366,VIX,32.73
05/09/22,04:21:01.394,VIX,32.7
05/09/22,04:21:16.309,VIX,32.73
05/09/22,04:21:31.308,VIX,32.76
05/09/22,04:21:46.263,VIX,32.75
05/09/22,04:22:01.330,VIX,32.74
05/09/22,04:22:16.313,VIX,32.77
05/09/22,04:22:31.471,VIX,32.78
05/09/22,04:22:46.333,VIX,32.79
05/09/22,04:23:01.264,VIX,32.77
05/09/22,04:23:16.338,VIX,32.78
05/09/22,04:23:31.323,VIX,32.81
05/09/22,04:23:46.318,VIX,32.81
05/09/22,04:24:01.462,VIX,32.85
05/09/22,04:24:16.378,VIX,32.85
05/09/22,04:24:31.196,VIX,32.85
05/09/22,04:24:46.364,VIX,32.86
05/09/22,04:25:01.338,VIX,32.86
05/09/22,04:25:16.300,VIX,32.86
05/09/22,04:25:31.312,VIX,32.85
05/09/22,04:25:46.386,VIX,32.81
05/09/22,04:26:01.302,VIX,32.82
05/09/22,04:26:16.309,VIX,32.83
05/09/22,04:26:31.254,VIX,32.84
05/09/22,04:26:46.235,VIX,32.86
05/09/22,04:27:01.228,VIX,32.89
05/09/22,04:27:16.271,VIX,32.84
05/09/22,04:27:31.388,VIX,32.86
05/09/22,04:27:46.225,VIX,32.87
05/09/22,04:28:01.245,VIX,32.87
05/09/22,04:28:16.490,VIX,32.84
05/09/22,04:28:31.379,VIX,32.83
05/09/22,04:28:46.163,VIX,32.83
05/09/22,04:29:01.318,VIX,32.83
05/09/22,04:29:16.230,VIX,32.86
05/09/22,04:29:31.474,VIX,32.85
05/09/22,04:29:46.246,VIX,32.87
05/09/22,04:30:01.256,VIX,32.85
05/09/22,04:30:16.178,VIX,32.86
05/09/22,04:30:31.220,VIX,32.84
05/09/22,04:30:46.169,VIX,32.84
05/09/22,04:31:01.393,VIX,32.87
05/09/22,04:31:16.322,VIX,32.86
05/09/22,04:31:31.236,VIX,32.97
05/09/22,04:31:46.224,VIX,32.91
05/09/22,04:32:01.261,VIX,32.91
05/09/22,04:32:16.301,VIX,32.94
05/09/22,04:32:31.219,VIX,33.0
05/09/22,04:32:46.268,VIX,33.08
05/09/22,04:33:01.141,VIX,33.11
05/09/22,04:33:16.422,VIX,33.12
05/09/22,04:33:31.420,VIX,33.11
05/09/22,04:33:46.319,VIX,33.12
05/09/22,04:34:01.289,VIX,33.15
05/09/22,04:34:16.291,VIX,33.18
05/09/22,04:34:31.293,VIX,33.17
05/09/22,04:34:46.244,VIX,33.25
05/09/22,04:35:01.226,VIX,33.26
05/09/22,04:35:16.445,VIX,33.29
05/09/22,04:35:31.310,VIX,33.29
05/09/22,04:35:46.196,VIX,33.31
05/09/22,04:36:01.336,VIX,33.31
05/09/22,04:36:16.235,VIX,33.3
05/09/22,04:36:31.283,VIX,33.28
05/09/22,04:36:46.359,VIX,33.27
05/09/22,04:37:01.246,VIX,33.31
05/09/22,04:37:16.368,VIX,33.31
05/09/22,04:37:31.243,VIX,33.29
05/09/22,04:37:46.378,VIX,33.3
05/09/22,04:38:01.332,VIX,33.28
05/09/22,04:38:16.365,VIX,33.3
05/09/22,04:38:31.353,VIX,33.25
05/09/22,04:38:46.326,VIX,33.25
05/09/22,04:39:01.312,VIX,33.27
05/09/22,04:39:16.320,VIX,33.26
05/09/22,04:39:31.315,VIX,33.24
05/09/22,04:39:46.376,VIX,33.22
05/09/22,04:40:01.218,VIX,33.21
05/09/22,04:40:16.228,VIX,33.21
05/09/22,04:40:31.278,VIX,33.19
05/09/22,04:40:46.349,VIX,33.2
05/09/22,04:41:01.223,VIX,33.2
05/09/22,04:41:16.290,VIX,33.21
05/09/22,04:41:31.327,VIX,33.21
05/09/22,04:41:46.511,VIX,33.2
05/09/22,04:42:01.241,VIX,33.2
05/09/22,04:42:16.445,VIX,33.2
05/09/22,04:42:31.176,VIX,33.2
05/09/22,04:42:46.479,VIX,33.21
05/09/22,04:43:01.315,VIX,33.19
05/09/22,04:43:16.331,VIX,33.16
05/09/22,04:43:31.257,VIX,33.12
05/09/22,04:43:46.347,VIX,33.12
05/09/22,04:44:01.328,VIX,33.13
05/09/22,04:44:16.401,VIX,33.12
05/09/22,04:44:31.332,VIX,33.11
05/09/22,04:44:46.547,VIX,33.11
05/09/22,04:45:01.167,VIX,33.11
05/09/22,04:45:16.245,VIX,33.09
05/09/22,04:45:31.190,VIX,33.08
05/09/22,04:45:46.253,VIX,33.03
05/09/22,04:46:01.157,VIX,33.0
05/09/22,04:46:16.225,VIX,33.03
05/09/22,04:46:31.158,VIX,33.01
05/09/22,04:46:46.319,VIX,33.0
05/09/22,04:47:01.163,VIX,33.0
05/09/22,04:47:16.311,VIX,33.01
05/09/22,04:47:31.306,VIX,33.02
05/09/22,04:47:46.557,VIX,33.02
05/09/22,04:48:01.180,VIX,33.02
05/09/22,04:48:16.317,VIX,33.0
05/09/22,04:48:31.419,VIX,33.0
05/09/22,04:48:46.407,VIX,32.99
05/09/22,04:49:01.322,VIX,33.0
05/09/22,04:49:16.354,VIX,33.0
05/09/22,04:49:31.215,VIX,32.93
05/09/22,04:49:46.147,VIX,32.92
05/09/22,04:50:01.346,VIX,32.9
05/09/22,04:50:16.315,VIX,32.9
05/09/22,04:50:31.253,VIX,32.89
05/09/22,04:50:46.226,VIX,32.9
05/09/22,04:51:01.317,VIX,32.9
05/09/22,04:51:16.404,VIX,32.9
05/09/22,04:51:31.342,VIX,32.87
05/09/22,04:51:46.481,VIX,32.86
05/09/22,04:52:01.250,VIX,32.85
05/09/22,04:52:16.439,VIX,32.87
05/09/22,04:52:31.363,VIX,32.88
05/09/22,04:52:46.306,VIX,32.89
05/09/22,04:53:01.272,VIX,32.88
05/09/22,04:53:16.247,VIX,32.91
05/09/22,04:53:31.425,VIX,32.9
05/09/22,04:53:46.310,VIX,32.92
05/09/22,04:54:01.406,VIX,32.89
05/09/22,04:54:16.312,VIX,32.87
05/09/22,04:54:31.434,VIX,32.88
05/09/22,04:54:46.308,VIX,32.87
05/09/22,04:55:01.346,VIX,32.87
05/09/22,04:55:16.271,VIX,32.88
05/09/22,04:55:31.322,VIX,32.87
05/09/22,04:55:46.344,VIX,32.84
05/09/22,04:56:01.500,VIX,32.84
05/09/22,04:56:16.264,VIX,32.87
05/09/22,04:56:31.326,VIX,32.89
05/09/22,04:56:46.253,VIX,32.91
05/09/22,04:57:01.280,VIX,32.94
05/09/22,04:57:16.246,VIX,32.92
05/09/22,04:57:31.492,VIX,32.96
05/09/22,04:57:46.267,VIX,32.96
05/09/22,04:58:01.370,VIX,32.94
05/09/22,04:58:16.234,VIX,32.97
05/09/22,04:58:31.395,VIX,32.98
05/09/22,04:58:46.326,VIX,32.97
05/09/22,04:59:01.321,VIX,32.96
05/09/22,04:59:16.250,VIX,32.94
05/09/22,04:59:31.051,VIX,32.94
05/09/22,04:59:46.233,VIX,32.94
05/09/22,05:00:01.280,VIX,32.94
05/09/22,05:00:16.320,VIX,32.96
05/09/22,05:00:31.344,VIX,32.96
05/09/22,05:00:46.231,VIX,32.95
05/09/22,05:01:01.264,VIX,32.94
05/09/22,05:01:16.356,VIX,32.95
05/09/22,05:01:31.458,VIX,32.94
05/09/22,05:01:46.326,VIX,32.94
05/09/22,05:02:01.140,VIX,32.94
05/09/22,05:02:16.340,VIX,32.94
05/09/22,05:02:31.337,VIX,32.93
05/09/22,05:02:46.351,VIX,32.94
05/09/22,05:03:01.329,VIX,32.94
05/09/22,05:03:16.330,VIX,32.92
05/09/22,05:03:31.317,VIX,32.92
05/09/22,05:03:46.331,VIX,32.94
05/09/22,05:04:01.309,VIX,32.92
05/09/22,05:04:16.411,VIX,32.95
05/09/22,05:04:31.547,VIX,32.93
05/09/22,05:04:46.358,VIX,32.92
05/09/22,05:05:01.279,VIX,32.95
05/09/22,05:05:16.333,VIX,32.93
05/09/22,05:05:31.406,VIX,32.93
05/09/22,05:05:46.191,VIX,32.94
05/09/22,05:06:01.371,VIX,32.95
05/09/22,05:06:16.391,VIX,32.95
05/09/22,05:06:31.277,VIX,32.97
05/09/22,05:06:46.368,VIX,32.98
05/09/22,05:07:01.219,VIX,32.98
05/09/22,05:07:16.338,VIX,32.99
05/09/22,05:07:31.323,VIX,32.97
05/09/22,05:07:46.250,VIX,32.97
05/09/22,05:08:01.270,VIX,32.98
05/09/22,05:08:16.218,VIX,33.01
05/09/22,05:08:31.241,VIX,32.99
05/09/22,05:08:46.335,VIX,32.97
05/09/22,05:09:01.261,VIX,32.97
05/09/22,05:09:16.298,VIX,32.95
05/09/22,05:09:31.211,VIX,32.98
05/09/22,05:09:46.215,VIX,32.97
05/09/22,05:10:01.325,VIX,33.0
05/09/22,05:10:16.286,VIX,32.98
05/09/22,05:10:31.464,VIX,32.95
05/09/22,05:10:46.420,VIX,32.96
05/09/22,05:11:01.339,VIX,32.98
05/09/22,05:11:16.419,VIX,32.93
05/09/22,05:11:31.342,VIX,32.96
05/09/22,05:11:46.289,VIX,32.92
05/09/22,05:12:01.226,VIX,32.92
05/09/22,05:12:16.194,VIX,32.86
05/09/22,05:12:31.217,VIX,32.89
05/09/22,05:12:46.287,VIX,32.9
05/09/22,05:13:01.265,VIX,32.88
05/09/22,05:13:16.282,VIX,32.85
05/09/22,05:13:31.400,VIX,32.89
05/09/22,05:13:46.212,VIX,32.9
05/09/22,05:14:01.299,VIX,32.91
05/09/22,05:14:16.325,VIX,32.9
05/09/22,05:14:31.257,VIX,32.9
05/09/22,05:14:46.288,VIX,32.93
05/09/22,05:15:01.298,VIX,32.9
05/09/22,05:15:16.350,VIX,32.93
05/09/22,05:15:31.382,VIX,32.9
05/09/22,05:15:46.245,VIX,32.89
05/09/22,05:16:01.318,VIX,32.9
05/09/22,05:16:16.340,VIX,32.9
05/09/22,05:16:31.389,VIX,32.94
05/09/22,05:16:46.307,VIX,32.94
05/09/22,05:17:01.423,VIX,32.94
05/09/22,05:17:16.335,VIX,32.94
05/09/22,05:17:31.270,VIX,32.94
05/09/22,05:17:46.359,VIX,32.94
05/09/22,05:18:01.408,VIX,32.94
05/09/22,05:18:16.268,VIX,32.95
05/09/22,05:18:31.132,VIX,32.98
05/09/22,05:18:46.311,VIX,33.0
05/09/22,05:19:01.241,VIX,32.96
05/09/22,05:19:16.319,VIX,32.98
05/09/22,05:19:31.344,VIX,32.99
05/09/22,05:19:46.328,VIX,32.98
05/09/22,05:20:01.283,VIX,32.97
05/09/22,05:20:16.232,VIX,32.96
05/09/22,05:20:31.222,VIX,32.93
05/09/22,05:20:46.380,VIX,32.92
05/09/22,05:21:01.363,VIX,32.92
05/09/22,05:21:16.227,VIX,32.86
05/09/22,05:21:31.315,VIX,32.86
05/09/22,05:21:46.272,VIX,32.88
05/09/22,05:22:01.371,VIX,32.87
05/09/22,05:22:16.386,VIX,32.86
05/09/22,05:22:31.359,VIX,32.87
05/09/22,05:22:46.417,VIX,32.88
05/09/22,05:23:01.361,VIX,32.89
05/09/22,05:23:16.221,VIX,32.94
05/09/22,05:23:31.323,VIX,32.98
05/09/22,05:23:46.272,VIX,32.99
05/09/22,05:24:01.418,VIX,32.98
05/09/22,05:24:16.298,VIX,32.93
05/09/22,05:24:31.332,VIX,32.97
05/09/22,05:24:46.380,VIX,32.99
05/09/22,05:25:01.238,VIX,32.98
05/09/22,05:25:16.412,VIX,32.95
05/09/22,05:25:31.290,VIX,32.96
05/09/22,05:25:46.445,VIX,32.95
05/09/22,05:26:01.283,VIX,32.95
05/09/22,05:26:16.411,VIX,32.97
05/09/22,05:26:31.218,VIX,33.0
05/09/22,05:26:46.211,VIX,33.0
05/09/22,05:27:01.224,VIX,33.02
05/09/22,05:27:16.429,VIX,33.03
05/09/22,05:27:31.249,VIX,33.06
05/09/22,05:27:46.375,VIX,33.09
05/09/22,05:28:01.304,VIX,33.11
05/09/22,05:28:16.282,VIX,33.15
05/09/22,05:28:31.307,VIX,33.16
05/09/22,05:28:46.319,VIX,33.19
05/09/22,05:29:01.236,VIX,33.2
05/09/22,05:29:16.287,VIX,33.2
05/09/22,05:29:31.401,VIX,33.19
05/09/22,05:29:46.321,VIX,33.2
05/09/22,05:30:01.216,VIX,33.19
05/09/22,05:30:16.162,VIX,33.17
05/09/22,05:30:31.315,VIX,33.17
05/09/22,05:30:46.433,VIX,33.17
05/09/22,05:31:01.375,VIX,33.16
05/09/22,05:31:16.506,VIX,33.16
05/09/22,05:31:31.292,VIX,33.17
05/09/22,05:31:46.597,VIX,33.18
05/09/22,05:32:01.481,VIX,33.17
05/09/22,05:32:16.215,VIX,33.2
05/09/22,05:32:31.224,VIX,33.23
05/09/22,05:32:46.348,VIX,33.23
05/09/22,05:33:01.340,VIX,33.22
05/09/22,05:33:16.452,VIX,33.2
05/09/22,05:33:31.353,VIX,33.21
05/09/22,05:33:46.353,VIX,33.22
05/09/22,05:34:01.270,VIX,33.22
05/09/22,05:34:16.238,VIX,33.22
05/09/22,05:34:31.271,VIX,33.22
05/09/22,05:34:46.413,VIX,33.25
05/09/22,05:35:01.324,VIX,33.26
05/09/22,05:35:16.250,VIX,33.27
05/09/22,05:35:31.092,VIX,33.27
05/09/22,05:35:46.303,VIX,33.29
05/09/22,05:36:01.334,VIX,33.3
05/09/22,05:36:16.464,VIX,33.29
05/09/22,05:36:31.223,VIX,33.28
05/09/22,05:36:46.211,VIX,33.28
05/09/22,05:37:01.353,VIX,33.28
05/09/22,05:37:16.294,VIX,33.28
05/09/22,05:37:31.330,VIX,33.28
05/09/22,05:37:46.463,VIX,33.28
05/09/22,05:38:01.377,VIX,33.28
05/09/22,05:38:16.426,VIX,33.28
05/09/22,05:38:31.276,VIX,33.31
05/09/22,05:38:46.421,VIX,33.31
05/09/22,05:39:01.466,VIX,33.31
05/09/22,05:39:16.150,VIX,33.35
05/09/22,05:39:31.249,VIX,33.36
05/09/22,05:39:46.319,VIX,33.41
05/09/22,05:40:01.264,VIX,33.4
05/09/22,05:40:16.259,VIX,33.37
05/09/22,05:40:31.290,VIX,33.37
05/09/22,05:40:46.363,VIX,33.38
05/09/22,05:41:01.322,VIX,33.4
05/09/22,05:41:16.234,VIX,33.4
05/09/22,05:41:31.236,VIX,33.41
05/09/22,05:41:46.148,VIX,33.41
05/09/22,05:42:01.315,VIX,33.42
05/09/22,05:42:16.367,VIX,33.42
05/09/22,05:42:31.279,VIX,33.42
05/09/22,05:42:46.202,VIX,33.37
05/09/22,05:43:01.285,VIX,33.35
05/09/22,05:43:16.348,VIX,33.3
05/09/22,05:43:31.237,VIX,33.3
05/09/22,05:43:46.286,VIX,33.28
05/09/22,05:44:01.374,VIX,33.28
05/09/22,05:44:16.230,VIX,33.26
05/09/22,05:44:31.307,VIX,33.28
05/09/22,05:44:46.246,VIX,33.28
05/09/22,05:45:01.376,VIX,33.29
05/09/22,05:45:16.394,VIX,33.31
05/09/22,05:45:31.409,VIX,33.3
05/09/22,05:45:46.344,VIX,33.31
05/09/22,05:46:01.194,VIX,33.36
05/09/22,05:46:16.230,VIX,33.32
05/09/22,05:46:31.353,VIX,33.37
05/09/22,05:46:46.323,VIX,33.4
05/09/22,05:47:01.315,VIX,33.4
05/09/22,05:47:16.322,VIX,33.41
05/09/22,05:47:31.336,VIX,33.44
05/09/22,05:47:46.292,VIX,33.44
05/09/22,05:48:01.318,VIX,33.4
05/09/22,05:48:16.321,VIX,33.39
05/09/22,05:48:31.301,VIX,33.43
05/09/22,05:48:46.375,VIX,33.46
05/09/22,05:49:01.180,VIX,33.4
05/09/22,05:49:16.218,VIX,33.41
05/09/22,05:49:31.315,VIX,33.42
05/09/22,05:49:46.080,VIX,33.41
05/09/22,05:50:01.254,VIX,33.41
05/09/22,05:50:16.404,VIX,33.41
05/09/22,05:50:31.231,VIX,33.4
05/09/22,05:50:46.322,VIX,33.39
05/09/22,05:51:01.287,VIX,33.39
05/09/22,05:51:16.217,VIX,33.34
05/09/22,05:51:31.326,VIX,33.35
05/09/22,05:51:46.142,VIX,33.34
05/09/22,05:52:01.305,VIX,33.34
05/09/22,05:52:16.528,VIX,33.35
05/09/22,05:52:31.376,VIX,33.35
05/09/22,05:52:46.365,VIX,33.32
05/09/22,05:53:01.381,VIX,33.33
05/09/22,05:53:16.193,VIX,33.35
05/09/22,05:53:31.356,VIX,33.38
05/09/22,05:53:46.134,VIX,33.39
05/09/22,05:54:01.293,VIX,33.4
05/09/22,05:54:16.269,VIX,33.41
05/09/22,05:54:31.362,VIX,33.39
05/09/22,05:54:46.385,VIX,33.41
05/09/22,05:55:01.417,VIX,33.4
05/09/22,05:55:16.208,VIX,33.39
05/09/22,05:55:31.373,VIX,33.39
05/09/22,05:55:46.315,VIX,33.36
05/09/22,05:56:01.319,VIX,33.37
05/09/22,05:56:16.280,VIX,33.39
05/09/22,05:56:31.274,VIX,33.41
05/09/22,05:56:46.055,VIX,33.38
05/09/22,05:57:01.273,VIX,33.38
05/09/22,05:57:16.057,VIX,33.48
05/09/22,05:57:31.341,VIX,33.5
05/09/22,05:57:46.315,VIX,33.5
05/09/22,05:58:01.315,VIX,33.48
05/09/22,05:58:16.233,VIX,33.49
05/09/22,05:58:31.435,VIX,33.44
05/09/22,05:58:46.399,VIX,33.45
05/09/22,05:59:01.220,VIX,33.45
05/09/22,05:59:16.226,VIX,33.41
05/09/22,05:59:31.322,VIX,33.37
05/09/22,05:59:46.234,VIX,33.35
05/09/22,06:00:01.323,VIX,33.34
05/09/22,06:00:16.213,VIX,33.31
05/09/22,06:00:31.234,VIX,33.31
05/09/22,06:00:46.318,VIX,33.32
05/09/22,06:01:01.313,VIX,33.32
05/09/22,06:01:16.367,VIX,33.33
05/09/22,06:01:31.328,VIX,33.32
05/09/22,06:01:46.285,VIX,33.33
05/09/22,06:02:01.378,VIX,33.34
05/09/22,06:02:16.230,VIX,33.33
05/09/22,06:02:31.335,VIX,33.33
05/09/22,06:02:46.279,VIX,33.33
05/09/22,06:03:01.378,VIX,33.34
05/09/22,06:03:16.229,VIX,33.32
05/09/22,06:03:31.201,VIX,33.33
05/09/22,06:03:46.335,VIX,33.35
05/09/22,06:04:01.442,VIX,33.34
05/09/22,06:04:16.262,VIX,33.35
05/09/22,06:04:31.282,VIX,33.35
05/09/22,06:04:46.324,VIX,33.35
05/09/22,06:05:01.413,VIX,33.34
05/09/22,06:05:16.321,VIX,33.36
05/09/22,06:05:31.326,VIX,33.36
05/09/22,06:05:46.314,VIX,33.34
05/09/22,06:06:01.311,VIX,33.31
05/09/22,06:06:16.415,VIX,33.33
05/09/22,06:06:31.244,VIX,33.32
05/09/22,06:06:46.421,VIX,33.33
05/09/22,06:07:01.366,VIX,33.35
05/09/22,06:07:16.230,VIX,33.37
05/09/22,06:07:31.319,VIX,33.37
05/09/22,06:07:46.237,VIX,33.38
05/09/22,06:08:01.177,VIX,33.39
05/09/22,06:08:16.373,VIX,33.41
05/09/22,06:08:31.285,VIX,33.41
05/09/22,06:08:46.226,VIX,33.39
05/09/22,06:09:01.133,VIX,33.41
05/09/22,06:09:16.391,VIX,33.4
05/09/22,06:09:31.320,VIX,33.41
05/09/22,06:09:46.248,VIX,33.39
05/09/22,06:10:01.448,VIX,33.4
05/09/22,06:10:16.378,VIX,33.4
05/09/22,06:10:31.279,VIX,33.4
05/09/22,06:10:46.295,VIX,33.4
05/09/22,06:11:01.218,VIX,33.41
05/09/22,06:11:16.316,VIX,33.41
05/09/22,06:11:31.349,VIX,33.42
05/09/22,06:11:46.465,VIX,33.42
05/09/22,06:12:01.320,VIX,33.43
05/09/22,06:12:16.333,VIX,33.44
05/09/22,06:12:31.219,VIX,33.44
05/09/22,06:12:46.298,VIX,33.44
05/09/22,06:13:01.477,VIX,33.44
05/09/22,06:13:16.337,VIX,33.44
05/09/22,06:13:31.252,VIX,33.43
05/09/22,06:13:46.266,VIX,33.44
05/09/22,06:14:01.260,VIX,33.46
05/09/22,06:14:16.288,VIX,33.46
05/09/22,06:14:31.308,VIX,33.45
05/09/22,06:14:46.316,VIX,33.46
05/09/22,06:15:01.328,VIX,33.46
05/09/22,06:15:16.322,VIX,33.43
05/09/22,06:15:31.370,VIX,33.45
05/09/22,06:15:46.367,VIX,33.45
05/09/22,06:16:01.336,VIX,33.45
05/09/22,06:16:16.324,VIX,33.46
05/09/22,06:16:31.304,VIX,33.46
05/09/22,06:16:46.406,VIX,33.46
05/09/22,06:17:01.315,VIX,33.44
05/09/22,06:17:16.339,VIX,33.42
05/09/22,06:17:31.390,VIX,33.44
05/09/22,06:17:46.314,VIX,33.43
05/09/22,06:18:01.377,VIX,33.43
05/09/22,06:18:16.209,VIX,33.43
05/09/22,06:18:31.321,VIX,33.42
05/09/22,06:18:46.253,VIX,33.38
05/09/22,06:19:01.353,VIX,33.37
05/09/22,06:19:16.347,VIX,33.39
05/09/22,06:19:31.385,VIX,33.4
05/09/22,06:19:46.331,VIX,33.42
05/09/22,06:20:01.284,VIX,33.39
05/09/22,06:20:16.296,VIX,33.37
05/09/22,06:20:31.238,VIX,33.38
05/09/22,06:20:46.315,VIX,33.4
05/09/22,06:21:01.275,VIX,33.42
05/09/22,06:21:16.275,VIX,33.39
05/09/22,06:21:31.251,VIX,33.35
05/09/22,06:21:46.305,VIX,33.34
05/09/22,06:22:01.400,VIX,33.35
05/09/22,06:22:16.266,VIX,33.36
05/09/22,06:22:31.550,VIX,33.36
05/09/22,06:22:46.210,VIX,33.39
05/09/22,06:23:01.216,VIX,33.39
05/09/22,06:23:16.323,VIX,33.41
05/09/22,06:23:31.226,VIX,33.41
05/09/22,06:23:46.320,VIX,33.41
05/09/22,06:24:01.323,VIX,33.41
05/09/22,06:24:16.245,VIX,33.41
05/09/22,06:24:31.288,VIX,33.4
05/09/22,06:24:46.247,VIX,33.4
05/09/22,06:25:01.196,VIX,33.43
05/09/22,06:25:16.341,VIX,33.42
05/09/22,06:25:31.291,VIX,33.4
05/09/22,06:25:46.350,VIX,33.42
05/09/22,06:26:01.507,VIX,33.43
05/09/22,06:26:16.344,VIX,33.41
05/09/22,06:26:31.380,VIX,33.43
05/09/22,06:26:46.455,VIX,33.43
05/09/22,06:27:01.445,VIX,33.42
05/09/22,06:27:16.318,VIX,33.43
05/09/22,06:27:31.194,VIX,33.44
05/09/22,06:27:46.382,VIX,33.56
05/09/22,06:28:01.285,VIX,33.55
05/09/22,06:28:16.231,VIX,33.56
05/09/22,06:28:31.252,VIX,33.54
05/09/22,06:28:46.347,VIX,33.53
05/09/22,06:29:01.374,VIX,33.53
05/09/22,06:29:16.400,VIX,33.53
05/09/22,06:29:31.347,VIX,33.51
05/09/22,06:29:46.388,VIX,33.48
05/09/22,06:30:01.276,VIX,33.49
05/09/22,06:30:16.286,VIX,33.49
05/09/22,06:30:31.235,VIX,33.51
05/09/22,06:30:46.092,VIX,33.52
05/09/22,06:31:01.266,VIX,33.53
05/09/22,06:31:16.346,VIX,33.55
05/09/22,06:31:31.280,VIX,33.58
05/09/22,06:31:46.268,VIX,33.61
05/09/22,06:32:01.217,VIX,33.63
05/09/22,06:32:16.388,VIX,33.6
05/09/22,06:32:31.288,VIX,33.61
05/09/22,06:32:46.335,VIX,33.61
05/09/22,06:33:01.151,VIX,33.61
05/09/22,06:33:16.355,VIX,33.62
05/09/22,06:33:31.374,VIX,33.64
05/09/22,06:33:46.435,VIX,33.61
05/09/22,06:34:01.395,VIX,33.63
05/09/22,06:34:16.327,VIX,33.62
05/09/22,06:34:31.410,VIX,33.62
05/09/22,06:34:46.470,VIX,33.63
05/09/22,06:35:01.363,VIX,33.63
05/09/22,06:35:16.334,VIX,33.64
05/09/22,06:35:31.305,VIX,33.66
05/09/22,06:35:46.343,VIX,33.66
05/09/22,06:36:01.376,VIX,33.65
05/09/22,06:36:16.358,VIX,33.67
05/09/22,06:36:31.397,VIX,33.67
05/09/22,06:36:46.378,VIX,33.67
05/09/22,06:37:01.216,VIX,33.67
05/09/22,06:37:16.323,VIX,33.66
05/09/22,06:37:31.351,VIX,33.67
05/09/22,06:37:46.215,VIX,33.66
05/09/22,06:38:01.327,VIX,33.64
05/09/22,06:38:16.377,VIX,33.66
05/09/22,06:38:31.364,VIX,33.71
05/09/22,06:38:46.247,VIX,33.79
05/09/22,06:39:01.377,VIX,33.78
05/09/22,06:39:16.305,VIX,33.79
05/09/22,06:39:31.365,VIX,33.78
05/09/22,06:39:46.231,VIX,33.8
05/09/22,06:40:01.301,VIX,33.81
05/09/22,06:40:16.326,VIX,33.81
05/09/22,06:40:31.219,VIX,33.82
05/09/22,06:40:46.211,VIX,33.81
05/09/22,06:41:01.297,VIX,33.86
05/09/22,06:41:16.287,VIX,33.87
05/09/22,06:41:31.200,VIX,33.86
05/09/22,06:41:46.252,VIX,33.87
05/09/22,06:42:01.420,VIX,33.87
05/09/22,06:42:16.256,VIX,33.86
05/09/22,06:42:31.234,VIX,33.86
05/09/22,06:42:46.332,VIX,33.87
05/09/22,06:43:01.356,VIX,33.88
05/09/22,06:43:16.284,VIX,33.87
05/09/22,06:43:31.331,VIX,33.86
05/09/22,06:43:46.340,VIX,33.88
05/09/22,06:44:01.379,VIX,33.88
05/09/22,06:44:16.272,VIX,33.9
05/09/22,06:44:31.392,VIX,33.9
05/09/22,06:44:46.492,VIX,33.9
05/09/22,06:45:01.319,VIX,33.91
05/09/22,06:45:16.338,VIX,33.9
05/09/22,06:45:31.464,VIX,33.91
05/09/22,06:45:46.407,VIX,33.91
05/09/22,06:46:01.282,VIX,33.92
05/09/22,06:46:16.346,VIX,33.92
05/09/22,06:46:31.329,VIX,33.92
05/09/22,06:46:46.478,VIX,33.92
05/09/22,06:47:01.413,VIX,33.92
05/09/22,06:47:16.216,VIX,33.98
05/09/22,06:47:31.138,VIX,33.99
05/09/22,06:47:46.224,VIX,34.01
05/09/22,06:48:01.272,VIX,34.03
05/09/22,06:48:16.198,VIX,34.04
05/09/22,06:48:31.328,VIX,34.04
05/09/22,06:48:46.231,VIX,34.02
05/09/22,06:49:01.327,VIX,33.96
05/09/22,06:49:16.325,VIX,33.96
05/09/22,06:49:31.234,VIX,33.96
05/09/22,06:49:46.538,VIX,33.94
05/09/22,06:50:01.235,VIX,33.91
05/09/22,06:50:16.347,VIX,33.89
05/09/22,06:50:31.332,VIX,33.9
05/09/22,06:50:46.329,VIX,33.95
05/09/22,06:51:01.345,VIX,33.94
05/09/22,06:51:16.338,VIX,33.97
05/09/22,06:51:31.246,VIX,34.0
05/09/22,06:51:46.350,VIX,34.0
05/09/22,06:52:01.225,VIX,34.02
05/09/22,06:52:16.215,VIX,34.03
05/09/22,06:52:31.265,VIX,34.04
05/09/22,06:52:46.331,VIX,34.03
05/09/22,06:53:01.345,VIX,34.02
05/09/22,06:53:16.224,VIX,34.01
05/09/22,06:53:31.285,VIX,33.99
05/09/22,06:53:46.168,VIX,33.97
05/09/22,06:54:01.373,VIX,33.98
05/09/22,06:54:16.121,VIX,33.97
05/09/22,06:54:31.371,VIX,33.97
05/09/22,06:54:46.232,VIX,33.97
05/09/22,06:55:01.296,VIX,33.97
05/09/22,06:55:16.151,VIX,33.98
05/09/22,06:55:31.320,VIX,33.97
05/09/22,06:55:46.413,VIX,33.97
05/09/22,06:56:01.360,VIX,33.94
05/09/22,06:56:16.403,VIX,33.95
05/09/22,06:56:31.264,VIX,33.94
05/09/22,06:56:46.452,VIX,33.93
05/09/22,06:57:01.339,VIX,33.94
05/09/22,06:57:16.152,VIX,33.94
05/09/22,06:57:31.381,VIX,33.96
05/09/22,06:57:46.307,VIX,33.98
05/09/22,06:58:01.259,VIX,34.01
05/09/22,06:58:16.279,VIX,33.99
05/09/22,06:58:31.314,VIX,33.98
05/09/22,06:58:46.252,VIX,33.96
05/09/22,06:59:01.234,VIX,33.98
05/09/22,06:59:16.374,VIX,33.99
05/09/22,06:59:31.325,VIX,33.98
05/09/22,06:59:46.242,VIX,33.99
05/09/22,07:00:01.305,VIX,33.97
05/09/22,07:00:16.342,VIX,33.91
05/09/22,07:00:31.307,VIX,33.88
05/09/22,07:00:46.325,VIX,33.86
05/09/22,07:01:01.478,VIX,33.87
05/09/22,07:01:16.231,VIX,33.93
05/09/22,07:01:31.043,VIX,33.92
05/09/22,07:01:46.278,VIX,33.91
05/09/22,07:02:01.122,VIX,33.92
05/09/22,07:02:16.285,VIX,33.93
05/09/22,07:02:31.277,VIX,33.94
05/09/22,07:02:46.168,VIX,33.88
05/09/22,07:03:01.430,VIX,33.86
05/09/22,07:03:16.331,VIX,33.85
05/09/22,07:03:31.226,VIX,33.85
05/09/22,07:03:46.249,VIX,33.82
05/09/22,07:04:01.228,VIX,33.85
05/09/22,07:04:16.336,VIX,33.85
05/09/22,07:04:31.333,VIX,33.9
05/09/22,07:04:46.269,VIX,33.9
05/09/22,07:05:01.328,VIX,33.88
05/09/22,07:05:16.338,VIX,33.87
05/09/22,07:05:31.317,VIX,33.9
05/09/22,07:05:46.343,VIX,33.88
05/09/22,07:06:01.151,VIX,33.87
05/09/22,07:06:16.228,VIX,33.88
05/09/22,07:06:31.254,VIX,33.85
05/09/22,07:06:46.315,VIX,33.82
05/09/22,07:07:01.419,VIX,33.81
05/09/22,07:07:16.270,VIX,33.82
05/09/22,07:07:31.225,VIX,33.85
05/09/22,07:07:46.290,VIX,33.86
05/09/22,07:08:01.193,VIX,33.85
05/09/22,07:08:16.247,VIX,33.84
05/09/22,07:08:31.183,VIX,33.85
05/09/22,07:08:46.318,VIX,33.85
05/09/22,07:09:01.228,VIX,33.86
05/09/22,07:09:16.276,VIX,33.92
05/09/22,07:09:31.295,VIX,33.96
05/09/22,07:09:46.355,VIX,33.95
05/09/22,07:10:01.221,VIX,33.96
05/09/22,07:10:16.169,VIX,33.91
05/09/22,07:10:31.174,VIX,33.87
05/09/22,07:10:46.133,VIX,33.9
05/09/22,07:11:01.255,VIX,33.95
05/09/22,07:11:16.278,VIX,34.02
05/09/22,07:11:31.304,VIX,34.01
05/09/22,07:11:46.223,VIX,34.01
05/09/22,07:12:01.324,VIX,34.0
05/09/22,07:12:16.495,VIX,33.99
05/09/22,07:12:31.239,VIX,34.0
05/09/22,07:12:46.271,VIX,34.01
05/09/22,07:13:01.189,VIX,34.01
05/09/22,07:13:16.379,VIX,34.02
05/09/22,07:13:31.237,VIX,34.02
05/09/22,07:13:46.263,VIX,34.05
05/09/22,07:14:01.314,VIX,33.99
05/09/22,07:14:16.274,VIX,33.96
05/09/22,07:14:31.192,VIX,33.99
05/09/22,07:14:46.515,VIX,34.04
05/09/22,07:15:01.124,VIX,34.01
05/09/22,07:15:16.251,VIX,34.04
05/09/22,07:15:31.407,VIX,34.04
05/09/22,07:15:46.216,VIX,34.09
05/09/22,07:16:01.315,VIX,34.05
05/09/22,07:16:16.321,VIX,34.05
05/09/22,07:16:31.261,VIX,34.08
05/09/22,07:16:46.300,VIX,34.09
05/09/22,07:17:01.162,VIX,34.1
05/09/22,07:17:16.242,VIX,34.13
05/09/22,07:17:31.351,VIX,34.12
05/09/22,07:17:46.270,VIX,34.12
05/09/22,07:18:01.386,VIX,34.12
05/09/22,07:18:16.364,VIX,34.11
05/09/22,07:18:31.317,VIX,34.13
05/09/22,07:18:46.320,VIX,34.15
05/09/22,07:19:01.301,VIX,34.14
05/09/22,07:19:16.354,VIX,34.12
05/09/22,07:19:31.251,VIX,34.12
05/09/22,07:19:46.428,VIX,34.12
05/09/22,07:20:01.338,VIX,34.12
05/09/22,07:20:16.255,VIX,34.19
05/09/22,07:20:31.294,VIX,34.19
05/09/22,07:20:46.121,VIX,34.17
05/09/22,07:21:01.270,VIX,34.25
05/09/22,07:21:16.159,VIX,34.29
05/09/22,07:21:31.300,VIX,34.26
05/09/22,07:21:46.298,VIX,34.27
05/09/22,07:22:01.159,VIX,34.27
05/09/22,07:22:16.257,VIX,34.25
05/09/22,07:22:31.181,VIX,34.23
05/09/22,07:22:46.256,VIX,34.24
05/09/22,07:23:01.149,VIX,34.27
05/09/22,07:23:16.229,VIX,34.3
05/09/22,07:23:31.266,VIX,34.3
05/09/22,07:23:46.373,VIX,34.32
05/09/22,07:24:01.349,VIX,34.33
05/09/22,07:24:16.394,VIX,34.31
05/09/22,07:24:31.286,VIX,34.31
05/09/22,07:24:46.324,VIX,34.29
05/09/22,07:25:01.232,VIX,34.27
05/09/22,07:25:16.417,VIX,34.27
05/09/22,07:25:31.220,VIX,34.29
05/09/22,07:25:46.226,VIX,34.28
05/09/22,07:26:01.242,VIX,34.27
05/09/22,07:26:16.320,VIX,34.29
05/09/22,07:26:31.147,VIX,34.29
05/09/22,07:26:46.377,VIX,34.28
05/09/22,07:27:01.382,VIX,34.28
05/09/22,07:27:16.131,VIX,34.29
05/09/22,07:27:31.337,VIX,34.3
05/09/22,07:27:46.177,VIX,34.29
05/09/22,07:28:01.388,VIX,34.29
05/09/22,07:28:16.321,VIX,34.3
05/09/22,07:28:31.236,VIX,34.31
05/09/22,07:28:46.237,VIX,34.3
05/09/22,07:29:01.387,VIX,34.29
05/09/22,07:29:16.283,VIX,34.29
05/09/22,07:29:31.351,VIX,34.32
05/09/22,07:29:46.291,VIX,34.32
05/09/22,07:30:01.249,VIX,34.32
05/09/22,07:30:16.453,VIX,34.33
05/09/22,07:30:31.248,VIX,34.36
05/09/22,07:30:46.227,VIX,34.36
05/09/22,07:31:01.208,VIX,34.33
05/09/22,07:31:16.197,VIX,34.33
05/09/22,07:31:31.469,VIX,34.37
05/09/22,07:31:46.228,VIX,34.37
05/09/22,07:32:01.386,VIX,34.36
05/09/22,07:32:16.323,VIX,34.36
05/09/22,07:32:31.346,VIX,34.35
05/09/22,07:32:46.249,VIX,34.34
05/09/22,07:33:01.215,VIX,34.29
05/09/22,07:33:16.301,VIX,34.32
05/09/22,07:33:31.379,VIX,34.3
05/09/22,07:33:46.260,VIX,34.28
05/09/22,07:34:01.323,VIX,34.25
05/09/22,07:34:16.309,VIX,34.26
05/09/22,07:34:31.406,VIX,34.25
05/09/22,07:34:46.433,VIX,34.25
05/09/22,07:35:01.409,VIX,34.22
05/09/22,07:35:16.285,VIX,34.22
05/09/22,07:35:31.248,VIX,34.21
05/09/22,07:35:46.358,VIX,34.17
05/09/22,07:36:01.292,VIX,34.15
05/09/22,07:36:16.280,VIX,34.13
05/09/22,07:36:31.347,VIX,34.15
05/09/22,07:36:46.441,VIX,34.17
05/09/22,07:37:01.355,VIX,34.16
05/09/22,07:37:16.327,VIX,34.16
05/09/22,07:37:31.314,VIX,34.18
05/09/22,07:37:46.328,VIX,34.18
05/09/22,07:38:01.292,VIX,34.17
05/09/22,07:38:16.327,VIX,34.21
05/09/22,07:38:31.352,VIX,34.2
05/09/22,07:38:46.297,VIX,34.2
05/09/22,07:39:01.315,VIX,34.19
05/09/22,07:39:16.323,VIX,34.2
05/09/22,07:39:31.135,VIX,34.22
05/09/22,07:39:46.346,VIX,34.22
05/09/22,07:40:01.314,VIX,34.22
05/09/22,07:40:16.204,VIX,34.22
05/09/22,07:40:31.262,VIX,34.2
05/09/22,07:40:46.254,VIX,34.2
05/09/22,07:41:01.319,VIX,34.22
05/09/22,07:41:16.234,VIX,34.2
05/09/22,07:41:31.325,VIX,34.17
05/09/22,07:41:46.346,VIX,34.16
05/09/22,07:42:01.233,VIX,34.17
05/09/22,07:42:16.257,VIX,34.17
05/09/22,07:42:31.415,VIX,34.18
05/09/22,07:42:46.231,VIX,34.17
05/09/22,07:43:01.407,VIX,34.17
05/09/22,07:43:16.306,VIX,34.13
05/09/22,07:43:31.294,VIX,34.17
05/09/22,07:43:46.358,VIX,34.21
05/09/22,07:44:01.337,VIX,34.22
05/09/22,07:44:16.223,VIX,34.23
05/09/22,07:44:31.323,VIX,34.22
05/09/22,07:44:46.342,VIX,34.21
05/09/22,07:45:01.302,VIX,34.21
05/09/22,07:45:16.220,VIX,34.23
05/09/22,07:45:31.274,VIX,34.19
05/09/22,07:45:46.344,VIX,34.2
05/09/22,07:46:01.275,VIX,34.16
05/09/22,07:46:16.217,VIX,34.13
05/09/22,07:46:31.322,VIX,34.11
05/09/22,07:46:46.403,VIX,34.07
05/09/22,07:47:01.286,VIX,34.1
05/09/22,07:47:16.128,VIX,34.14
05/09/22,07:47:31.226,VIX,34.13
05/09/22,07:47:46.246,VIX,34.11
05/09/22,07:48:01.334,VIX,34.08
05/09/22,07:48:16.242,VIX,34.04
05/09/22,07:48:31.201,VIX,33.98
05/09/22,07:48:46.379,VIX,33.97
05/09/22,07:49:01.295,VIX,33.97
05/09/22,07:49:16.326,VIX,33.96
05/09/22,07:49:31.318,VIX,33.96
05/09/22,07:49:46.257,VIX,33.94
05/09/22,07:50:01.232,VIX,33.93
05/09/22,07:50:16.279,VIX,33.96
05/09/22,07:50:31.333,VIX,33.93
05/09/22,07:50:46.322,VIX,33.9
05/09/22,07:51:01.267,VIX,33.88
05/09/22,07:51:16.336,VIX,33.85
05/09/22,07:51:31.250,VIX,33.88
05/09/22,07:51:46.335,VIX,33.88
05/09/22,07:52:01.165,VIX,33.86
05/09/22,07:52:16.316,VIX,33.86
05/09/22,07:52:31.324,VIX,33.84
05/09/22,07:52:46.337,VIX,33.83
05/09/22,07:53:01.381,VIX,33.83
05/09/22,07:53:16.330,VIX,33.82
05/09/22,07:53:31.357,VIX,33.8
05/09/22,07:53:46.398,VIX,33.79
05/09/22,07:54:01.200,VIX,33.77
05/09/22,07:54:16.255,VIX,33.76
05/09/22,07:54:31.319,VIX,33.75
05/09/22,07:54:46.374,VIX,33.74
05/09/22,07:55:01.279,VIX,33.74
05/09/22,07:55:16.433,VIX,33.73
05/09/22,07:55:31.319,VIX,33.74
05/09/22,07:55:46.368,VIX,33.7
05/09/22,07:56:01.377,VIX,33.74
05/09/22,07:56:16.352,VIX,33.76
05/09/22,07:56:31.384,VIX,33.77
05/09/22,07:56:46.253,VIX,33.78
05/09/22,07:57:01.219,VIX,33.79
05/09/22,07:57:16.337,VIX,33.76
05/09/22,07:57:31.357,VIX,33.75
05/09/22,07:57:46.321,VIX,33.76
05/09/22,07:58:01.242,VIX,33.76
05/09/22,07:58:16.364,VIX,33.78
05/09/22,07:58:31.279,VIX,33.77
05/09/22,07:58:46.359,VIX,33.75
05/09/22,07:59:01.344,VIX,33.71
05/09/22,07:59:16.308,VIX,33.67
05/09/22,07:59:31.127,VIX,33.71
05/09/22,07:59:46.280,VIX,33.72
05/09/22,08:00:01.254,VIX,33.71
05/09/22,08:00:16.277,VIX,33.75
05/09/22,08:00:31.305,VIX,33.77
05/09/22,08:00:46.223,VIX,33.76
05/09/22,08:01:01.318,VIX,33.76
05/09/22,08:01:16.214,VIX,33.78
05/09/22,08:01:31.347,VIX,33.8
05/09/22,08:01:46.327,VIX,33.8
05/09/22,08:02:01.372,VIX,33.79
05/09/22,08:02:16.234,VIX,33.79
05/09/22,08:02:31.325,VIX,33.78
05/09/22,08:02:46.445,VIX,33.78
05/09/22,08:03:01.326,VIX,33.79
05/09/22,08:03:16.313,VIX,33.81
05/09/22,08:03:31.235,VIX,33.81
05/09/22,08:03:46.264,VIX,33.82
05/09/22,08:04:01.285,VIX,33.79
05/09/22,08:04:16.249,VIX,33.71
05/09/22,08:04:31.252,VIX,33.7
05/09/22,08:04:46.242,VIX,33.64
05/09/22,08:05:01.349,VIX,33.61
05/09/22,08:05:16.278,VIX,33.64
05/09/22,08:05:31.246,VIX,33.66
05/09/22,08:05:46.219,VIX,33.61
05/09/22,08:06:01.318,VIX,33.56
05/09/22,08:06:16.215,VIX,33.55
05/09/22,08:06:31.152,VIX,33.55
05/09/22,08:06:46.157,VIX,33.55
05/09/22,08:07:01.217,VIX,33.51
05/09/22,08:07:16.139,VIX,33.4
05/09/22,08:07:31.252,VIX,33.42
05/09/22,08:07:46.286,VIX,33.41
05/09/22,08:08:01.212,VIX,33.43
05/09/22,08:08:16.126,VIX,33.45
05/09/22,08:08:31.348,VIX,33.42
05/09/22,08:08:46.234,VIX,33.4
05/09/22,08:09:01.127,VIX,33.4
05/09/22,08:09:16.352,VIX,33.44
05/09/22,08:09:31.227,VIX,33.46
05/09/22,08:09:46.226,VIX,33.47
05/09/22,08:10:01.327,VIX,33.51
05/09/22,08:10:16.180,VIX,33.51
05/09/22,08:10:31.227,VIX,33.58
05/09/22,08:10:46.223,VIX,33.58
05/09/22,08:11:01.124,VIX,33.6
05/09/22,08:11:16.560,VIX,33.6
05/09/22,08:11:31.379,VIX,33.6
05/09/22,08:11:46.401,VIX,33.6
05/09/22,08:12:01.369,VIX,33.59
05/09/22,08:12:16.462,VIX,33.59
05/09/22,08:12:31.327,VIX,33.59
05/09/22,08:12:46.346,VIX,33.6
05/09/22,08:13:01.259,VIX,33.62
05/09/22,08:13:16.337,VIX,33.62
05/09/22,08:13:31.226,VIX,33.61
05/09/22,08:13:46.272,VIX,33.61
05/09/22,08:14:01.343,VIX,33.55
05/09/22,08:14:16.066,VIX,33.54
05/09/22,08:14:31.439,VIX,33.54
05/09/22,08:14:46.325,VIX,33.58
05/09/22,08:15:01.269,VIX,33.58
05/09/22,08:15:16.213,VIX,33.58
05/09/22,08:15:31.333,VIX,33.59
05/09/22,08:15:46.285,VIX,33.58
05/09/22,08:16:01.217,VIX,33.59
05/09/22,08:16:16.357,VIX,33.61
05/09/22,08:16:31.425,VIX,33.66
05/09/22,08:16:46.480,VIX,33.66
05/09/22,08:17:01.181,VIX,33.68
05/09/22,08:17:16.383,VIX,33.7
05/09/22,08:17:31.373,VIX,33.7
05/09/22,08:17:46.219,VIX,33.71
05/09/22,08:18:01.300,VIX,33.72
05/09/22,08:18:16.084,VIX,33.73
05/09/22,08:18:31.318,VIX,33.74
05/09/22,08:18:46.373,VIX,33.75
05/09/22,08:19:01.216,VIX,33.74
05/09/22,08:19:16.364,VIX,33.74
05/09/22,08:19:31.397,VIX,33.76
05/09/22,08:19:46.362,VIX,33.75
05/09/22,08:20:01.313,VIX,33.75
05/09/22,08:20:16.256,VIX,33.75
05/09/22,08:20:31.167,VIX,33.73
05/09/22,08:20:46.299,VIX,33.68
05/09/22,08:21:01.248,VIX,33.72
05/09/22,08:21:16.225,VIX,33.73
05/09/22,08:21:31.240,VIX,33.72
05/09/22,08:21:46.366,VIX,33.72
05/09/22,08:22:01.369,VIX,33.69
05/09/22,08:22:16.151,VIX,33.67
05/09/22,08:22:31.253,VIX,33.68
05/09/22,08:22:46.328,VIX,33.67
05/09/22,08:23:01.300,VIX,33.67
05/09/22,08:23:16.348,VIX,33.68
05/09/22,08:23:31.381,VIX,33.7
05/09/22,08:23:46.352,VIX,33.69
05/09/22,08:24:01.338,VIX,33.69
05/09/22,08:24:16.317,VIX,33.71
05/09/22,08:24:31.299,VIX,33.69
05/09/22,08:24:46.249,VIX,33.66
05/09/22,08:25:01.358,VIX,33.66
05/09/22,08:25:16.124,VIX,33.67
05/09/22,08:25:31.344,VIX,33.69
05/09/22,08:25:46.296,VIX,33.7
05/09/22,08:26:01.502,VIX,33.68
05/09/22,08:26:16.519,VIX,33.68
05/09/22,08:26:31.195,VIX,33.67
05/09/22,08:26:46.404,VIX,33.69
05/09/22,08:27:01.316,VIX,33.7
05/09/22,08:27:16.410,VIX,33.71
05/09/22,08:27:31.277,VIX,33.7
05/09/22,08:27:46.182,VIX,33.67
05/09/22,08:28:01.376,VIX,33.67
05/09/22,08:28:16.392,VIX,33.69
05/09/22,08:28:31.329,VIX,33.73
05/09/22,08:28:46.351,VIX,33.73
05/09/22,08:29:01.185,VIX,33.72
05/09/22,08:29:16.369,VIX,33.72
05/09/22,08:29:31.427,VIX,33.73
05/09/22,08:29:46.452,VIX,33.74
05/09/22,08:30:01.413,VIX,33.75
05/09/22,08:30:16.326,VIX,33.71
05/09/22,08:30:31.337,VIX,33.69
05/09/22,08:30:46.169,VIX,33.69
05/09/22,08:31:01.329,VIX,33.76
05/09/22,08:31:16.372,VIX,33.8
05/09/22,08:31:31.395,VIX,33.76
05/09/22,08:31:46.414,VIX,33.71
05/09/22,08:32:01.272,VIX,33.7
05/09/22,08:32:16.129,VIX,33.69
05/09/22,08:32:31.317,VIX,33.73
05/09/22,08:32:46.426,VIX,33.73
05/09/22,08:33:01.215,VIX,33.74
05/09/22,08:33:16.260,VIX,33.74
05/09/22,08:33:31.419,VIX,33.74
05/09/22,08:33:46.471,VIX,33.71
05/09/22,08:34:01.262,VIX,33.68
05/09/22,08:34:16.159,VIX,33.68
05/09/22,08:34:31.156,VIX,33.65
05/09/22,08:34:46.373,VIX,33.65
05/09/22,08:35:01.218,VIX,33.66
05/09/22,08:35:16.384,VIX,33.69
05/09/22,08:35:31.235,VIX,33.68
05/09/22,08:35:46.319,VIX,33.67
05/09/22,08:36:01.245,VIX,33.65
05/09/22,08:36:16.341,VIX,33.67
05/09/22,08:36:31.427,VIX,33.68
05/09/22,08:36:46.213,VIX,33.68
05/09/22,08:37:01.331,VIX,33.63
05/09/22,08:37:16.221,VIX,33.6
05/09/22,08:37:31.242,VIX,33.58
05/09/22,08:37:46.324,VIX,33.55
05/09/22,08:38:01.262,VIX,33.56
05/09/22,08:38:16.294,VIX,33.51
05/09/22,08:38:31.317,VIX,33.5
05/09/22,08:38:46.338,VIX,33.5
05/09/22,08:39:01.157,VIX,33.5
05/09/22,08:39:16.385,VIX,33.5
05/09/22,08:39:31.348,VIX,33.52
05/09/22,08:39:46.290,VIX,33.48
05/09/22,08:40:01.299,VIX,33.43
05/09/22,08:40:16.315,VIX,33.39
05/09/22,08:40:31.400,VIX,33.31
05/09/22,08:40:46.330,VIX,33.28
05/09/22,08:41:01.283,VIX,33.27
05/09/22,08:41:16.327,VIX,33.28
05/09/22,08:41:31.327,VIX,33.26
05/09/22,08:41:46.238,VIX,33.24
05/09/22,08:42:01.252,VIX,33.24
05/09/22,08:42:16.261,VIX,33.24
05/09/22,08:42:31.480,VIX,33.26
05/09/22,08:42:46.271,VIX,33.27
05/09/22,08:43:01.252,VIX,33.3
05/09/22,08:43:16.142,VIX,33.32
05/09/22,08:43:31.315,VIX,33.35
05/09/22,08:43:46.368,VIX,33.33
05/09/22,08:44:01.221,VIX,33.33
05/09/22,08:44:16.467,VIX,33.31
05/09/22,08:44:31.562,VIX,33.3
05/09/22,08:44:46.363,VIX,33.28
05/09/22,08:45:01.256,VIX,33.29
05/09/22,08:45:16.370,VIX,33.26
05/09/22,08:45:31.410,VIX,33.22
05/09/22,08:45:46.322,VIX,33.21
05/09/22,08:46:01.521,VIX,33.24
05/09/22,08:46:16.214,VIX,33.27
05/09/22,08:46:31.360,VIX,33.28
05/09/22,08:46:46.344,VIX,33.28
05/09/22,08:47:01.260,VIX,33.3
05/09/22,08:47:16.288,VIX,33.33
05/09/22,08:47:31.369,VIX,33.34
05/09/22,08:47:46.480,VIX,33.34
05/09/22,08:48:01.459,VIX,33.34
05/09/22,08:48:16.309,VIX,33.36
05/09/22,08:48:31.291,VIX,33.34
05/09/22,08:48:46.247,VIX,33.33
05/09/22,08:49:01.198,VIX,33.32
05/09/22,08:49:16.362,VIX,33.34
05/09/22,08:49:31.208,VIX,33.34
05/09/22,08:49:46.210,VIX,33.28
05/09/22,08:50:01.313,VIX,33.25
05/09/22,08:50:16.317,VIX,33.21
05/09/22,08:50:31.263,VIX,33.22
05/09/22,08:50:46.117,VIX,33.24
05/09/22,08:51:01.333,VIX,33.25
05/09/22,08:51:16.330,VIX,33.24
05/09/22,08:51:31.312,VIX,33.22
05/09/22,08:51:46.333,VIX,33.2
05/09/22,08:52:01.351,VIX,33.21
05/09/22,08:52:16.437,VIX,33.18
05/09/22,08:52:31.337,VIX,33.19
05/09/22,08:52:46.316,VIX,33.16
05/09/22,08:53:01.357,VIX,33.17
05/09/22,08:53:16.326,VIX,33.15
05/09/22,08:53:31.229,VIX,33.15
05/09/22,08:53:46.328,VIX,33.15
05/09/22,08:54:01.359,VIX,33.15
05/09/22,08:54:16.373,VIX,33.15
05/09/22,08:54:31.406,VIX,33.15
05/09/22,08:54:46.318,VIX,33.15
05/09/22,08:55:01.334,VIX,33.15
05/09/22,08:55:16.340,VIX,33.16
05/09/22,08:55:31.376,VIX,33.19
05/09/22,08:55:46.297,VIX,33.19
05/09/22,08:56:01.274,VIX,33.18
05/09/22,08:56:16.272,VIX,33.21
05/09/22,08:56:31.340,VIX,33.21
05/09/22,08:56:46.437,VIX,33.21
05/09/22,08:57:01.242,VIX,33.18
05/09/22,08:57:16.324,VIX,33.19
05/09/22,08:57:31.336,VIX,33.2
05/09/22,08:57:46.419,VIX,33.23
05/09/22,08:58:01.274,VIX,33.25
05/09/22,08:58:16.366,VIX,33.25
05/09/22,08:58:31.364,VIX,33.27
05/09/22,08:58:46.336,VIX,33.26
05/09/22,08:59:01.352,VIX,33.27
05/09/22,08:59:16.341,VIX,33.27
05/09/22,08:59:31.317,VIX,33.29
05/09/22,08:59:46.495,VIX,33.29
05/09/22,09:00:01.245,VIX,33.29
05/09/22,09:00:16.351,VIX,33.27
05/09/22,09:00:31.352,VIX,33.28
05/09/22,09:00:46.382,VIX,33.29
05/09/22,09:01:01.436,VIX,33.29
05/09/22,09:01:16.453,VIX,33.27
05/09/22,09:01:31.321,VIX,33.28
05/09/22,09:01:46.305,VIX,33.32
05/09/22,09:02:01.265,VIX,33.33
05/09/22,09:02:16.302,VIX,33.34
05/09/22,09:02:31.380,VIX,33.36
05/09/22,09:02:46.279,VIX,33.31
05/09/22,09:03:01.332,VIX,33.3
05/09/22,09:03:16.223,VIX,33.25
05/09/22,09:03:31.229,VIX,33.31
05/09/22,09:03:46.243,VIX,33.3
05/09/22,09:04:01.293,VIX,33.32
05/09/22,09:04:16.350,VIX,33.31
05/09/22,09:04:31.392,VIX,33.27
05/09/22,09:04:46.281,VIX,33.27
05/09/22,09:05:01.218,VIX,33.24
05/09/22,09:05:16.278,VIX,33.23
05/09/22,09:05:31.303,VIX,33.23
05/09/22,09:05:46.202,VIX,33.26
05/09/22,09:06:01.480,VIX,33.26
05/09/22,09:06:16.377,VIX,33.26
05/09/22,09:06:31.213,VIX,33.24
05/09/22,09:06:46.273,VIX,33.25
05/09/22,09:07:01.236,VIX,33.24
05/09/22,09:07:16.324,VIX,33.25
05/09/22,09:07:31.237,VIX,33.25
05/09/22,09:07:46.383,VIX,33.27
05/09/22,09:08:01.263,VIX,33.28
05/09/22,09:08:16.213,VIX,33.28
05/09/22,09:08:31.438,VIX,33.28
05/09/22,09:08:46.331,VIX,33.28
05/09/22,09:09:01.457,VIX,33.25
05/09/22,09:09:16.406,VIX,33.23
05/09/22,09:09:31.342,VIX,33.23
05/09/22,09:09:46.367,VIX,33.23
05/09/22,09:10:01.401,VIX,33.24
05/09/22,09:10:16.289,VIX,33.25
05/09/22,09:10:31.394,VIX,33.26
05/09/22,09:10:46.413,VIX,33.26
05/09/22,09:11:01.274,VIX,33.26
05/09/22,09:11:16.338,VIX,33.26
05/09/22,09:11:31.308,VIX,33.25
05/09/22,09:11:46.349,VIX,33.25
05/09/22,09:12:01.423,VIX,33.26
05/09/22,09:12:16.389,VIX,33.24
05/09/22,09:12:31.278,VIX,33.2
05/09/22,09:12:46.236,VIX,33.17
05/09/22,09:13:01.118,VIX,33.15
05/09/22,09:13:16.321,VIX,33.14
05/09/22,09:13:31.298,VIX,33.11
05/09/22,09:13:46.245,VIX,33.11
05/09/22,09:14:01.325,VIX,33.12
05/09/22,09:14:16.118,VIX,33.1
05/09/22,09:14:31.237,VIX,33.07
05/09/22,09:14:46.293,VIX,33.03
05/09/22,09:15:01.256,VIX,32.96
05/09/22,09:31:01.339,VIX,33.1
05/09/22,09:31:16.244,VIX,33.11
05/09/22,09:31:31.216,VIX,33.13
05/09/22,09:31:46.117,VIX,33.14
05/09/22,09:32:01.235,VIX,33.15
05/09/22,09:32:16.286,VIX,33.07
05/09/22,09:32:31.229,VIX,33.14
05/09/22,09:32:46.230,VIX,33.26
05/09/22,09:33:01.280,VIX,33.32
05/09/22,09:33:16.282,VIX,33.43
05/09/22,09:33:31.238,VIX,33.37
05/09/22,09:33:46.278,VIX,33.37
05/09/22,09:34:01.256,VIX,33.36
05/09/22,09:34:16.250,VIX,33.42
05/09/22,09:34:31.220,VIX,33.39
05/09/22,09:34:46.240,VIX,33.31
05/09/22,09:35:01.219,VIX,33.26
05/09/22,09:35:16.228,VIX,33.17
05/09/22,09:35:31.148,VIX,33.09
05/09/22,09:35:46.220,VIX,33.07
05/09/22,09:36:01.263,VIX,33.06
05/09/22,09:36:16.144,VIX,33.09
05/09/22,09:36:31.244,VIX,32.99
05/09/22,09:36:46.231,VIX,32.99
05/09/22,09:37:01.259,VIX,32.97
05/09/22,09:37:16.223,VIX,33.13
05/09/22,09:37:31.293,VIX,33.21
05/09/22,09:37:46.224,VIX,33.14
05/09/22,09:38:01.224,VIX,33.17
05/09/22,09:38:16.227,VIX,33.15
05/09/22,09:38:31.225,VIX,33.05
05/09/22,09:38:46.247,VIX,32.98
05/09/22,09:39:01.223,VIX,32.89
05/09/22,09:39:16.135,VIX,32.8
05/09/22,09:39:31.230,VIX,32.82
05/09/22,09:39:46.267,VIX,32.89
05/09/22,09:40:01.230,VIX,32.98
05/09/22,09:40:16.215,VIX,33.13
05/09/22,09:40:31.124,VIX,33.24
05/09/22,09:40:46.381,VIX,33.18
05/09/22,09:41:01.232,VIX,33.05
05/09/22,09:41:16.232,VIX,33.07
05/09/22,09:41:31.172,VIX,33.19
05/09/22,09:41:46.251,VIX,33.19
05/09/22,09:42:01.249,VIX,33.13
05/09/22,09:42:16.227,VIX,33.23
05/09/22,09:42:31.234,VIX,33.22
05/09/22,09:42:46.237,VIX,33.18
05/09/22,09:43:01.122,VIX,33.23
05/09/22,09:43:16.221,VIX,33.07
05/09/22,09:43:31.216,VIX,33.16
05/09/22,09:43:46.226,VIX,33.17
05/09/22,09:44:01.222,VIX,33.27
05/09/22,09:44:16.044,VIX,33.25
05/09/22,09:44:31.214,VIX,33.16
05/09/22,09:44:46.157,VIX,33.08
05/09/22,09:45:01.233,VIX,33.03
05/09/22,09:45:16.219,VIX,33.17
05/09/22,09:45:31.222,VIX,33.3
05/09/22,09:45:46.232,VIX,33.34
05/09/22,09:46:01.149,VIX,33.33
05/09/22,09:46:16.245,VIX,33.52
05/09/22,09:46:31.260,VIX,33.53
05/09/22,09:46:46.242,VIX,33.58
05/09/22,09:47:01.250,VIX,33.6
05/09/22,09:47:16.248,VIX,33.61
05/09/22,09:47:31.271,VIX,33.6
05/09/22,09:47:46.232,VIX,33.55
05/09/22,09:48:01.234,VIX,33.55
05/09/22,09:48:16.228,VIX,33.7
05/09/22,09:48:31.237,VIX,33.64
05/09/22,09:48:46.136,VIX,33.65
05/09/22,09:49:01.251,VIX,33.63
05/09/22,09:49:16.249,VIX,33.62
05/09/22,09:49:31.272,VIX,33.62
05/09/22,09:49:46.273,VIX,33.59
05/09/22,09:50:01.239,VIX,33.52
05/09/22,09:50:16.250,VIX,33.57
05/09/22,09:50:31.214,VIX,33.54
05/09/22,09:50:46.261,VIX,33.56
05/09/22,09:51:01.220,VIX,33.55
05/09/22,09:51:16.253,VIX,33.54
05/09/22,09:51:31.220,VIX,33.55
05/09/22,09:51:46.223,VIX,33.23
05/09/22,09:52:01.229,VIX,33.23
05/09/22,09:52:16.160,VIX,33.3
05/09/22,09:52:31.233,VIX,33.27
05/09/22,09:52:46.220,VIX,33.25
05/09/22,09:53:01.048,VIX,33.2
05/09/22,09:53:16.233,VIX,33.12
05/09/22,09:53:31.236,VIX,33.08
05/09/22,09:53:46.231,VIX,33.02
05/09/22,09:54:01.188,VIX,32.86
05/09/22,09:54:16.236,VIX,33.01
05/09/22,09:54:31.247,VIX,32.94
05/09/22,09:54:46.266,VIX,32.97
05/09/22,09:55:01.228,VIX,32.94
05/09/22,09:55:16.298,VIX,32.95
05/09/22,09:55:31.230,VIX,32.97
05/09/22,09:55:46.232,VIX,33.06
05/09/22,09:56:01.171,VIX,33.14
05/09/22,09:56:16.241,VIX,33.13
05/09/22,09:56:31.235,VIX,33.13
05/09/22,09:56:46.241,VIX,33.15
05/09/22,09:57:01.220,VIX,33.22
05/09/22,09:57:16.223,VIX,33.23
05/09/22,09:57:31.217,VIX,33.18
05/09/22,09:57:46.252,VIX,33.28
05/09/22,09:58:01.247,VIX,33.29
05/09/22,09:58:16.232,VIX,33.2
05/09/22,09:58:31.241,VIX,33.19
05/09/22,09:58:46.266,VIX,33.0
05/09/22,09:59:01.218,VIX,33.02
05/09/22,09:59:16.235,VIX,33.12
05/09/22,09:59:31.391,VIX,33.15
05/09/22,09:59:46.234,VIX,33.14
05/09/22,10:00:01.220,VIX,33.1
05/09/22,10:00:16.176,VIX,33.26
05/09/22,10:00:31.250,VIX,33.35
05/09/22,10:00:46.249,VIX,33.31
05/09/22,10:01:01.223,VIX,33.35
05/09/22,10:01:16.225,VIX,33.32
05/09/22,10:01:31.242,VIX,33.31
05/09/22,10:01:46.223,VIX,33.13
05/09/22,10:02:01.252,VIX,33.12
05/09/22,10:02:16.128,VIX,33.04
05/09/22,10:02:31.239,VIX,33.05
05/09/22,10:02:46.226,VIX,33.1
05/09/22,10:03:01.243,VIX,32.97
05/09/22,10:03:16.227,VIX,32.97
05/09/22,10:03:31.225,VIX,32.97
05/09/22,10:03:46.218,VIX,32.89
05/09/22,10:04:01.222,VIX,32.87
05/09/22,10:04:16.289,VIX,32.86
05/09/22,10:04:31.257,VIX,33.01
05/09/22,10:04:46.265,VIX,33.07
05/09/22,10:05:01.224,VIX,33.09
05/09/22,10:05:16.232,VIX,33.06
05/09/22,10:05:31.246,VIX,33.05
05/09/22,10:05:46.228,VIX,33.02
05/09/22,10:06:01.237,VIX,32.98
05/09/22,10:06:16.236,VIX,33.09
05/09/22,10:06:31.226,VIX,33.13
05/09/22,10:06:46.277,VIX,33.11
05/09/22,10:07:01.229,VIX,33.12
05/09/22,10:07:16.225,VIX,33.2
05/09/22,10:07:31.231,VIX,33.21
05/09/22,10:07:46.235,VIX,33.22
05/09/22,10:08:01.228,VIX,33.29
05/09/22,10:08:16.222,VIX,33.29
05/09/22,10:08:31.226,VIX,33.27
05/09/22,10:08:46.245,VIX,33.34
05/09/22,10:09:01.253,VIX,33.38
05/09/22,10:09:16.252,VIX,33.45
05/09/22,10:09:31.269,VIX,33.5
05/09/22,10:09:46.230,VIX,33.52
05/09/22,10:10:01.217,VIX,33.55
05/09/22,10:10:16.241,VIX,33.46
05/09/22,10:10:31.226,VIX,33.41
05/09/22,10:10:46.223,VIX,33.36
05/09/22,10:11:01.255,VIX,33.35
05/09/22,10:11:16.230,VIX,33.24
05/09/22,10:11:31.244,VIX,33.28
05/09/22,10:11:46.278,VIX,33.29
05/09/22,10:12:01.235,VIX,33.27
05/09/22,10:12:16.246,VIX,33.3
05/09/22,10:12:31.292,VIX,33.25
05/09/22,10:12:46.230,VIX,33.28
05/09/22,10:13:01.264,VIX,33.12
05/09/22,10:13:16.248,VIX,33.06
05/09/22,10:13:31.238,VIX,32.97
05/09/22,10:13:46.247,VIX,33.08
05/09/22,10:14:01.248,VIX,33.1
05/09/22,10:14:16.230,VIX,33.06
05/09/22,10:14:31.294,VIX,33.03
05/09/22,10:14:46.302,VIX,33.07
05/09/22,10:15:01.243,VIX,33.09
05/09/22,10:15:16.229,VIX,33.05
05/09/22,10:15:31.150,VIX,33.13
05/09/22,10:15:46.243,VIX,33.17
05/09/22,10:16:01.263,VIX,33.11
05/09/22,10:16:16.218,VIX,33.02
05/09/22,10:16:31.226,VIX,33.01
05/09/22,10:16:46.268,VIX,33.08
05/09/22,10:17:01.228,VIX,33.07
05/09/22,10:17:16.267,VIX,33.04
05/09/22,10:17:31.291,VIX,33.07
05/09/22,10:17:46.221,VIX,33.16
05/09/22,10:18:01.227,VIX,33.19
05/09/22,10:18:16.247,VIX,33.27
05/09/22,10:18:31.223,VIX,33.27
05/09/22,10:18:46.222,VIX,33.25
05/09/22,10:19:01.234,VIX,33.22
05/09/22,10:19:16.271,VIX,33.26
05/09/22,10:19:31.225,VIX,33.21
05/09/22,10:19:46.250,VIX,33.3
05/09/22,10:20:01.231,VIX,33.27
05/09/22,10:20:16.113,VIX,33.24
05/09/22,10:20:31.287,VIX,33.3
05/09/22,10:20:46.298,VIX,33.33
05/09/22,10:21:01.254,VIX,33.32
05/09/22,10:21:16.266,VIX,33.3
05/09/22,10:21:31.230,VIX,33.26
05/09/22,10:21:46.241,VIX,33.26
05/09/22,10:22:01.219,VIX,33.21
05/09/22,10:22:16.244,VIX,33.31
05/09/22,10:22:31.257,VIX,33.32
05/09/22,10:22:46.256,VIX,33.26
05/09/22,10:23:01.235,VIX,33.37
05/09/22,10:23:16.216,VIX,33.32
05/09/22,10:23:31.285,VIX,33.32
05/09/22,10:23:46.321,VIX,33.33
05/09/22,10:24:01.253,VIX,33.31
05/09/22,10:24:16.252,VIX,33.36
05/09/22,10:24:31.295,VIX,33.35
05/09/22,10:24:46.125,VIX,33.4
05/09/22,10:25:01.223,VIX,33.45
05/09/22,10:25:16.235,VIX,33.44
05/09/22,10:25:31.246,VIX,33.46
05/09/22,10:25:46.265,VIX,33.44
05/09/22,10:26:01.219,VIX,33.54
05/09/22,10:26:16.272,VIX,33.4
05/09/22,10:26:31.171,VIX,33.38
05/09/22,10:26:46.266,VIX,33.39
05/09/22,10:27:01.253,VIX,33.38
05/09/22,10:27:16.247,VIX,33.4
05/09/22,10:27:31.241,VIX,33.39
05/09/22,10:27:46.294,VIX,33.39
05/09/22,10:28:01.242,VIX,33.39
05/09/22,10:28:16.328,VIX,33.47
05/09/22,10:28:31.119,VIX,33.47
05/09/22,10:28:46.236,VIX,33.51
05/09/22,10:29:01.294,VIX,33.55
05/09/22,10:29:16.129,VIX,33.59
05/09/22,10:29:31.322,VIX,33.59
05/09/22,10:29:46.238,VIX,33.62
05/09/22,10:30:01.222,VIX,33.59
05/09/22,10:30:16.240,VIX,33.65
05/09/22,10:30:31.179,VIX,33.67
05/09/22,10:30:46.311,VIX,33.65
05/09/22,10:31:01.277,VIX,33.64
05/09/22,10:31:16.297,VIX,33.63
05/09/22,10:31:31.317,VIX,33.63
05/09/22,10:31:46.250,VIX,33.62
05/09/22,10:32:01.226,VIX,33.65
05/09/22,10:32:16.272,VIX,33.65
05/09/22,10:32:31.258,VIX,33.69
05/09/22,10:32:46.250,VIX,33.69
05/09/22,10:33:01.256,VIX,33.71
05/09/22,10:33:16.250,VIX,33.69
05/09/22,10:33:31.286,VIX,33.69
05/09/22,10:33:46.272,VIX,33.72
05/09/22,10:34:01.243,VIX,33.72
05/09/22,10:34:16.122,VIX,33.75
05/09/22,10:34:31.255,VIX,33.74
05/09/22,10:34:46.245,VIX,33.63
05/09/22,10:35:01.255,VIX,33.64
05/09/22,10:35:16.262,VIX,33.66
05/09/22,10:35:31.255,VIX,33.62
05/09/22,10:35:46.241,VIX,33.64
05/09/22,10:36:01.233,VIX,33.65
05/09/22,10:36:16.253,VIX,33.68
05/09/22,10:36:31.267,VIX,33.65
05/09/22,10:36:46.198,VIX,33.63
05/09/22,10:37:01.267,VIX,33.71
05/09/22,10:37:16.251,VIX,33.75
05/09/22,10:37:31.231,VIX,33.82
05/09/22,10:37:46.281,VIX,33.85
05/09/22,10:38:01.269,VIX,33.85
05/09/22,10:38:16.306,VIX,33.89
05/09/22,10:38:31.225,VIX,33.89
05/09/22,10:38:46.267,VIX,33.92
05/09/22,10:39:01.268,VIX,33.96
05/09/22,10:39:16.249,VIX,33.96
05/09/22,10:39:31.167,VIX,34.05
05/09/22,10:39:46.260,VIX,34.08
05/09/22,10:40:01.241,VIX,34.1
05/09/22,10:40:16.277,VIX,34.03
05/09/22,10:40:31.237,VIX,34.03
05/09/22,10:40:46.291,VIX,34.03
05/09/22,10:41:01.227,VIX,34.02
05/09/22,10:41:16.225,VIX,33.97
05/09/22,10:41:31.218,VIX,33.96
05/09/22,10:41:46.261,VIX,33.81
05/09/22,10:42:01.151,VIX,33.86
05/09/22,10:42:16.234,VIX,33.87
05/09/22,10:42:31.246,VIX,33.75
05/09/22,10:42:46.294,VIX,33.79
05/09/22,10:43:01.225,VIX,33.83
05/09/22,10:43:16.256,VIX,33.8
05/09/22,10:43:31.125,VIX,33.83
05/09/22,10:43:46.277,VIX,33.86
05/09/22,10:44:01.247,VIX,33.86
05/09/22,10:44:16.238,VIX,33.93
05/09/22,10:44:31.224,VIX,34.0
05/09/22,10:44:46.175,VIX,33.95
05/09/22,10:45:01.224,VIX,33.82
05/09/22,10:45:16.259,VIX,33.85
05/09/22,10:45:31.225,VIX,33.78
05/09/22,10:45:46.233,VIX,33.77
05/09/22,10:46:01.249,VIX,33.74
05/09/22,10:46:16.228,VIX,33.69
05/09/22,10:46:31.247,VIX,33.66
05/09/22,10:46:46.148,VIX,33.64
05/09/22,10:47:01.225,VIX,33.72
05/09/22,10:47:16.255,VIX,33.78
05/09/22,10:47:31.278,VIX,33.79
05/09/22,10:47:46.228,VIX,33.8
05/09/22,10:48:01.165,VIX,33.65
05/09/22,10:48:16.247,VIX,33.68
05/09/22,10:48:31.250,VIX,33.74
05/09/22,10:48:46.241,VIX,33.72
05/09/22,10:49:01.233,VIX,33.69
05/09/22,10:49:16.248,VIX,33.65
05/09/22,10:49:31.230,VIX,33.65
05/09/22,10:49:46.226,VIX,33.76
05/09/22,10:50:01.247,VIX,33.78
05/09/22,10:50:16.122,VIX,33.77
05/09/22,10:50:31.240,VIX,33.72
05/09/22,10:50:46.241,VIX,33.76
05/09/22,10:51:01.238,VIX,33.81
05/09/22,10:51:16.251,VIX,33.85
05/09/22,10:51:31.234,VIX,33.96
05/09/22,10:51:46.234,VIX,34.08
05/09/22,10:52:01.176,VIX,34.09
05/09/22,10:52:16.223,VIX,34.08
05/09/22,10:52:31.302,VIX,34.06
05/09/22,10:52:46.260,VIX,34.04
05/09/22,10:53:01.317,VIX,34.03
05/09/22,10:53:16.122,VIX,34.07
05/09/22,10:53:31.279,VIX,34.09
05/09/22,10:53:46.268,VIX,34.08
05/09/22,10:54:01.234,VIX,34.12
05/09/22,10:54:16.231,VIX,34.13
05/09/22,10:54:31.252,VIX,34.16
05/09/22,10:54:46.245,VIX,34.19
05/09/22,10:55:01.233,VIX,34.33
05/09/22,10:55:16.238,VIX,34.35
05/09/22,10:55:31.227,VIX,34.33
05/09/22,10:55:46.270,VIX,34.34
05/09/22,10:56:01.232,VIX,34.4
05/09/22,10:56:16.248,VIX,34.41
05/09/22,10:56:31.233,VIX,34.41
05/09/22,10:56:46.225,VIX,34.34
05/09/22,10:57:01.221,VIX,34.25
05/09/22,10:57:16.123,VIX,34.31
05/09/22,10:57:31.272,VIX,34.36
05/09/22,10:57:46.232,VIX,34.33
05/09/22,10:58:01.225,VIX,34.36
05/09/22,10:58:16.263,VIX,34.34
05/09/22,10:58:31.284,VIX,34.36
05/09/22,10:58:46.242,VIX,34.39
05/09/22,10:59:01.239,VIX,34.38
05/09/22,10:59:16.167,VIX,34.39
05/09/22,10:59:31.245,VIX,34.42
05/09/22,10:59:46.245,VIX,34.46
05/09/22,11:00:01.226,VIX,34.53
05/09/22,11:00:16.284,VIX,34.6
05/09/22,11:00:31.252,VIX,34.59
05/09/22,11:00:46.238,VIX,34.54
05/09/22,11:01:01.228,VIX,34.4
05/09/22,11:01:16.227,VIX,34.44
05/09/22,11:01:31.274,VIX,34.44
05/09/22,11:01:46.254,VIX,34.42
05/09/22,11:02:01.263,VIX,34.48
05/09/22,11:02:16.276,VIX,34.56
05/09/22,11:02:31.245,VIX,34.58
05/09/22,11:02:46.221,VIX,34.6
05/09/22,11:03:01.232,VIX,34.64
05/09/22,11:03:16.251,VIX,34.64
05/09/22,11:03:31.233,VIX,34.63
05/09/22,11:03:46.133,VIX,34.44
05/09/22,11:04:01.225,VIX,34.51
05/09/22,11:04:16.234,VIX,34.54
05/09/22,11:04:31.224,VIX,34.42
05/09/22,11:04:46.230,VIX,34.5
05/09/22,11:05:01.250,VIX,34.56
05/09/22,11:05:16.240,VIX,34.67
05/09/22,11:05:31.249,VIX,34.72
05/09/22,11:05:46.298,VIX,34.73
05/09/22,11:06:01.231,VIX,34.73
05/09/22,11:06:16.264,VIX,34.71
05/09/22,11:06:31.298,VIX,34.71
05/09/22,11:06:46.322,VIX,34.73
05/09/22,11:07:01.259,VIX,34.72
05/09/22,11:07:16.244,VIX,34.74
05/09/22,11:07:31.182,VIX,34.71
05/09/22,11:07:46.269,VIX,34.7
05/09/22,11:08:01.180,VIX,34.7
05/09/22,11:08:16.268,VIX,34.71
05/09/22,11:08:31.246,VIX,34.72
05/09/22,11:08:46.313,VIX,34.76
05/09/22,11:09:01.220,VIX,34.73
05/09/22,11:09:16.310,VIX,34.72
05/09/22,11:09:31.307,VIX,34.73
05/09/22,11:09:46.245,VIX,34.72
05/09/22,11:10:01.234,VIX,34.65
05/09/22,11:10:16.243,VIX,34.55
05/09/22,11:10:31.263,VIX,34.6
05/09/22,11:10:46.275,VIX,34.57
05/09/22,11:11:01.125,VIX,34.52
05/09/22,11:11:16.260,VIX,34.53
05/09/22,11:11:31.309,VIX,34.53
05/09/22,11:11:46.272,VIX,34.46
05/09/22,11:12:01.297,VIX,34.52
05/09/22,11:12:16.299,VIX,34.57
05/09/22,11:12:31.304,VIX,34.53
05/09/22,11:12:46.259,VIX,34.48
05/09/22,11:13:01.294,VIX,34.54
05/09/22,11:13:16.235,VIX,34.57
05/09/22,11:13:31.150,VIX,34.66
05/09/22,11:13:46.261,VIX,34.67
05/09/22,11:14:01.238,VIX,34.74
05/09/22,11:14:16.215,VIX,34.69
05/09/22,11:14:31.305,VIX,34.67
05/09/22,11:14:46.240,VIX,34.61
05/09/22,11:15:01.125,VIX,34.68
05/09/22,11:15:16.254,VIX,34.58
05/09/22,11:15:31.240,VIX,34.56
05/09/22,11:15:46.254,VIX,34.53
05/09/22,11:16:01.079,VIX,34.53
05/09/22,11:16:16.243,VIX,34.46
05/09/22,11:16:31.129,VIX,34.48
05/09/22,11:16:46.220,VIX,34.53
05/09/22,11:17:01.260,VIX,34.56
05/09/22,11:17:16.303,VIX,34.59
05/09/22,11:17:31.284,VIX,34.62
05/09/22,11:17:46.265,VIX,34.58
05/09/22,11:18:01.281,VIX,34.61
05/09/22,11:18:16.286,VIX,34.63
05/09/22,11:18:31.314,VIX,34.64
05/09/22,11:18:46.140,VIX,34.61
05/09/22,11:19:01.223,VIX,34.62
05/09/22,11:19:16.243,VIX,34.62
05/09/22,11:19:31.269,VIX,34.66
05/09/22,11:19:46.302,VIX,34.66
05/09/22,11:20:01.264,VIX,34.65
05/09/22,11:20:16.271,VIX,34.68
05/09/22,11:20:31.264,VIX,34.72
05/09/22,11:20:46.223,VIX,34.71
05/09/22,11:21:01.228,VIX,34.69
05/09/22,11:21:16.168,VIX,34.68
05/09/22,11:21:31.235,VIX,34.67
05/09/22,11:21:46.314,VIX,34.68
05/09/22,11:22:01.247,VIX,34.69
05/09/22,11:22:16.273,VIX,34.74
05/09/22,11:22:31.319,VIX,34.75
05/09/22,11:22:46.272,VIX,34.73
05/09/22,11:23:01.247,VIX,34.71
05/09/22,11:23:16.267,VIX,34.72
05/09/22,11:23:31.325,VIX,34.71
05/09/22,11:23:46.310,VIX,34.79
05/09/22,11:24:01.315,VIX,34.77
05/09/22,11:24:16.216,VIX,34.75
05/09/22,11:24:31.321,VIX,34.76
05/09/22,11:24:46.266,VIX,34.74
05/09/22,11:25:01.258,VIX,34.75
05/09/22,11:25:16.231,VIX,34.67
05/09/22,11:25:31.242,VIX,34.76
05/09/22,11:25:46.252,VIX,34.78
05/09/22,11:26:01.302,VIX,34.78
05/09/22,11:26:16.286,VIX,34.84
05/09/22,11:26:31.295,VIX,34.86
05/09/22,11:26:46.370,VIX,34.87
05/09/22,11:27:01.298,VIX,34.86
05/09/22,11:27:16.302,VIX,34.85
05/09/22,11:27:31.242,VIX,34.85
05/09/22,11:27:46.284,VIX,34.87
05/09/22,11:28:01.272,VIX,34.91
05/09/22,11:28:16.023,VIX,34.91
05/09/22,11:28:31.225,VIX,34.89
05/09/22,11:28:46.286,VIX,34.87
05/09/22,11:29:01.280,VIX,34.82
05/09/22,11:29:16.228,VIX,34.89
05/09/22,11:29:31.222,VIX,34.87
05/09/22,11:29:46.406,VIX,34.91
05/09/22,11:30:01.233,VIX,34.94
05/09/22,11:30:16.266,VIX,34.95
05/09/22,11:30:31.192,VIX,35.01
05/09/22,11:30:46.239,VIX,35.03
05/09/22,11:31:01.223,VIX,35.05
05/09/22,11:31:16.316,VIX,35.05
05/09/22,11:31:31.243,VIX,35.08
05/09/22,11:31:46.372,VIX,35.1
05/09/22,11:32:01.308,VIX,35.11
05/09/22,11:32:16.295,VIX,35.15
05/09/22,11:32:31.219,VIX,35.15
05/09/22,11:32:46.313,VIX,35.2
05/09/22,11:33:01.145,VIX,35.19
05/09/22,11:33:16.305,VIX,35.24
05/09/22,11:33:31.230,VIX,35.18
05/09/22,11:33:46.276,VIX,35.15
05/09/22,11:34:01.331,VIX,35.13
05/09/22,11:34:16.224,VIX,35.07
05/09/22,11:34:31.266,VIX,35.05
05/09/22,11:34:46.254,VIX,35.0
05/09/22,11:35:01.157,VIX,34.99
05/09/22,11:35:16.249,VIX,34.94
05/09/22,11:35:31.181,VIX,34.97
05/09/22,11:35:46.229,VIX,34.91
05/09/22,11:36:01.274,VIX,35.01
05/09/22,11:36:16.233,VIX,34.99
05/09/22,11:36:31.271,VIX,35.01
05/09/22,11:36:46.284,VIX,35.01
05/09/22,11:37:01.244,VIX,35.05
05/09/22,11:37:16.258,VIX,35.08
05/09/22,11:37:31.314,VIX,35.09
05/09/22,11:37:46.275,VIX,35.12
05/09/22,11:38:01.228,VIX,35.12
05/09/22,11:38:16.259,VIX,35.05
05/09/22,11:38:31.219,VIX,35.03
05/09/22,11:38:46.276,VIX,34.99
05/09/22,11:39:01.281,VIX,34.88
05/09/22,11:39:16.227,VIX,34.83
05/09/22,11:39:31.233,VIX,34.78
05/09/22,11:39:46.314,VIX,34.77
05/09/22,11:40:01.244,VIX,34.71
05/09/22,11:40:16.264,VIX,34.72
05/09/22,11:40:31.262,VIX,34.75
05/09/22,11:40:46.257,VIX,34.8
05/09/22,11:41:01.264,VIX,34.82
05/09/22,11:41:16.261,VIX,34.8
05/09/22,11:41:31.234,VIX,34.76
05/09/22,11:41:46.258,VIX,34.71
05/09/22,11:42:01.244,VIX,34.68
05/09/22,11:42:16.256,VIX,34.67
05/09/22,11:42:31.266,VIX,34.7
05/09/22,11:42:46.298,VIX,34.71
05/09/22,11:43:01.270,VIX,34.64
05/09/22,11:43:16.253,VIX,34.6
05/09/22,11:43:31.287,VIX,34.59
05/09/22,11:43:46.224,VIX,34.65
05/09/22,11:44:01.232,VIX,34.74
05/09/22,11:44:16.315,VIX,34.68
05/09/22,11:44:31.268,VIX,34.73
05/09/22,11:44:46.286,VIX,34.72
05/09/22,11:45:01.283,VIX,34.73
05/09/22,11:45:16.220,VIX,34.75
05/09/22,11:45:31.272,VIX,34.79
05/09/22,11:45:46.225,VIX,34.75
05/09/22,11:46:01.237,VIX,34.6
05/09/22,11:46:16.231,VIX,34.71
05/09/22,11:46:31.280,VIX,34.67
05/09/22,11:46:46.256,VIX,34.72
05/09/22,11:47:01.269,VIX,34.66
05/09/22,11:47:16.269,VIX,34.68
05/09/22,11:47:31.250,VIX,34.73
05/09/22,11:47:46.327,VIX,34.7
05/09/22,11:48:01.239,VIX,34.72
05/09/22,11:48:16.284,VIX,34.71
05/09/22,11:48:31.225,VIX,34.6
05/09/22,11:48:46.253,VIX,34.64
05/09/22,11:49:01.230,VIX,34.67
05/09/22,11:49:16.261,VIX,34.69
05/09/22,11:49:31.233,VIX,34.71
05/09/22,11:49:46.153,VIX,34.7
05/09/22,11:50:01.299,VIX,34.68
05/09/22,11:50:16.245,VIX,34.62
05/09/22,11:50:31.176,VIX,34.61
05/09/22,11:50:46.251,VIX,34.59
05/09/22,11:51:01.297,VIX,34.48
05/09/22,11:51:16.238,VIX,34.44
05/09/22,11:51:31.316,VIX,34.42
05/09/22,11:51:46.310,VIX,34.4
05/09/22,11:52:01.223,VIX,34.39
05/09/22,11:52:16.222,VIX,34.38
05/09/22,11:52:31.260,VIX,34.36
05/09/22,11:52:46.289,VIX,34.34
05/09/22,11:53:01.243,VIX,34.33
05/09/22,11:53:16.180,VIX,34.33
05/09/22,11:53:31.282,VIX,34.32
05/09/22,11:53:46.119,VIX,34.34
05/09/22,11:54:01.230,VIX,34.4
05/09/22,11:54:16.319,VIX,34.38
05/09/22,11:54:31.215,VIX,34.38
05/09/22,11:54:46.218,VIX,34.32
05/09/22,11:55:01.236,VIX,34.32
05/09/22,11:55:16.279,VIX,34.39
05/09/22,11:55:31.335,VIX,34.39
05/09/22,11:55:46.204,VIX,34.36
05/09/22,11:56:01.234,VIX,34.31
05/09/22,11:56:16.242,VIX,34.29
05/09/22,11:56:31.249,VIX,34.28
05/09/22,11:56:46.236,VIX,34.27
05/09/22,11:57:01.256,VIX,34.28
05/09/22,11:57:16.267,VIX,34.33
05/09/22,11:57:31.272,VIX,34.35
05/09/22,11:57:46.272,VIX,34.29
05/09/22,11:58:01.299,VIX,34.26
05/09/22,11:58:16.260,VIX,34.19
05/09/22,11:58:31.251,VIX,34.27
05/09/22,11:58:46.227,VIX,34.36
05/09/22,11:59:01.222,VIX,34.4
05/09/22,11:59:16.286,VIX,34.39
05/09/22,11:59:31.283,VIX,34.37
05/09/22,11:59:46.260,VIX,34.37
05/09/22,12:00:01.225,VIX,34.35
05/09/22,12:00:16.254,VIX,34.42
05/09/22,12:00:31.227,VIX,34.43
05/09/22,12:00:46.241,VIX,34.45
05/09/22,12:01:01.246,VIX,34.53
05/09/22,12:01:16.251,VIX,34.6
05/09/22,12:01:31.251,VIX,34.58
05/09/22,12:01:46.222,VIX,34.61
05/09/22,12:02:01.242,VIX,34.68
05/09/22,12:02:16.260,VIX,34.75
05/09/22,12:02:31.241,VIX,34.69
05/09/22,12:02:46.254,VIX,34.69
05/09/22,12:03:01.267,VIX,34.77
05/09/22,12:03:16.251,VIX,34.77
05/09/22,12:03:31.121,VIX,34.8
05/09/22,12:03:46.230,VIX,34.81
05/09/22,12:04:01.229,VIX,34.84
05/09/22,12:04:16.280,VIX,34.83
05/09/22,12:04:31.248,VIX,34.82
05/09/22,12:04:46.236,VIX,34.81
05/09/22,12:05:01.311,VIX,34.8
05/09/22,12:05:16.235,VIX,34.8
05/09/22,12:05:31.266,VIX,34.78
05/09/22,12:05:46.237,VIX,34.58
05/09/22,12:06:01.300,VIX,34.6
05/09/22,12:06:16.227,VIX,34.63
05/09/22,12:06:31.220,VIX,34.51
05/09/22,12:06:46.225,VIX,34.39
05/09/22,12:07:01.117,VIX,34.3
05/09/22,12:07:16.398,VIX,34.21
05/09/22,12:07:31.297,VIX,34.22
05/09/22,12:07:46.224,VIX,34.14
05/09/22,12:08:01.277,VIX,34.03
05/09/22,12:08:16.254,VIX,34.04
05/09/22,12:08:31.242,VIX,34.02
05/09/22,12:08:46.267,VIX,34.06
05/09/22,12:09:01.303,VIX,34.03
05/09/22,12:09:16.290,VIX,34.04
05/09/22,12:09:31.240,VIX,33.99
05/09/22,12:09:46.312,VIX,34.03
05/09/22,12:10:01.266,VIX,34.12
05/09/22,12:10:16.236,VIX,34.05
05/09/22,12:10:31.240,VIX,33.95
05/09/22,12:10:46.312,VIX,33.96
05/09/22,12:11:01.158,VIX,33.92
05/09/22,12:11:16.304,VIX,33.92
05/09/22,12:11:31.281,VIX,33.91
05/09/22,12:11:46.324,VIX,33.86
05/09/22,12:12:01.317,VIX,33.88
05/09/22,12:12:16.320,VIX,33.86
05/09/22,12:12:31.228,VIX,33.84
05/09/22,12:12:46.317,VIX,33.83
05/09/22,12:13:01.126,VIX,33.8
05/09/22,12:13:16.250,VIX,33.72
05/09/22,12:13:31.255,VIX,33.68
05/09/22,12:13:46.311,VIX,33.7
05/09/22,12:14:01.252,VIX,33.67
05/09/22,12:14:16.361,VIX,33.65
05/09/22,12:14:31.280,VIX,33.63
05/09/22,12:14:46.314,VIX,33.63
05/09/22,12:15:01.256,VIX,33.64
05/09/22,12:15:16.247,VIX,33.59
05/09/22,12:15:31.241,VIX,33.59
05/09/22,12:15:46.276,VIX,33.54
05/09/22,12:16:01.236,VIX,33.43
05/09/22,12:16:16.253,VIX,33.44
05/09/22,12:16:31.249,VIX,33.47
05/09/22,12:16:46.229,VIX,33.46
05/09/22,12:17:01.266,VIX,33.47
05/09/22,12:17:16.132,VIX,33.47
05/09/22,12:17:31.227,VIX,33.45
05/09/22,12:17:46.305,VIX,33.43
05/09/22,12:18:01.234,VIX,33.4
05/09/22,12:18:16.294,VIX,33.41
05/09/22,12:18:31.272,VIX,33.42
05/09/22,12:18:46.243,VIX,33.41
05/09/22,12:19:01.237,VIX,33.41
05/09/22,12:19:16.262,VIX,33.41
05/09/22,12:19:31.280,VIX,33.42
05/09/22,12:19:46.217,VIX,33.51
05/09/22,12:20:01.299,VIX,33.51
05/09/22,12:20:16.148,VIX,33.54
05/09/22,12:20:31.221,VIX,33.57
05/09/22,12:20:46.297,VIX,33.66
05/09/22,12:21:01.233,VIX,33.71
05/09/22,12:21:16.313,VIX,33.68
05/09/22,12:21:31.180,VIX,33.63
05/09/22,12:21:46.271,VIX,33.64
05/09/22,12:22:01.214,VIX,33.65
05/09/22,12:22:16.265,VIX,33.62
05/09/22,12:22:31.318,VIX,33.64
05/09/22,12:22:46.254,VIX,33.68
05/09/22,12:23:01.299,VIX,33.66
05/09/22,12:23:16.361,VIX,33.67
05/09/22,12:23:31.212,VIX,33.62
05/09/22,12:23:46.243,VIX,33.57
05/09/22,12:24:01.243,VIX,33.58
05/09/22,12:24:16.232,VIX,33.48
05/09/22,12:24:31.262,VIX,33.4
05/09/22,12:24:46.256,VIX,33.47
05/09/22,12:25:01.224,VIX,33.46
05/09/22,12:25:16.125,VIX,33.41
05/09/22,12:25:31.223,VIX,33.44
05/09/22,12:25:46.230,VIX,33.54
05/09/22,12:26:01.260,VIX,33.64
05/09/22,12:26:16.229,VIX,33.7
05/09/22,12:26:31.256,VIX,33.71
05/09/22,12:26:46.275,VIX,33.71
05/09/22,12:27:01.246,VIX,33.75
05/09/22,12:27:16.288,VIX,33.74
05/09/22,12:27:31.253,VIX,33.73
05/09/22,12:27:46.152,VIX,33.75
05/09/22,12:28:01.289,VIX,33.75
05/09/22,12:28:16.238,VIX,33.71
05/09/22,12:28:31.267,VIX,33.69
05/09/22,12:28:46.247,VIX,33.72
05/09/22,12:29:01.274,VIX,33.67
05/09/22,12:29:16.214,VIX,33.68
05/09/22,12:29:31.234,VIX,33.65
05/09/22,12:29:46.240,VIX,33.59
05/09/22,12:30:01.220,VIX,33.61
05/09/22,12:30:16.227,VIX,33.61
05/09/22,12:30:31.253,VIX,33.61
05/09/22,12:30:46.170,VIX,33.73
05/09/22,12:31:01.249,VIX,33.77
05/09/22,12:31:16.234,VIX,33.71
05/09/22,12:31:31.213,VIX,33.52
05/09/22,12:31:46.143,VIX,33.54
05/09/22,12:32:01.244,VIX,33.55
05/09/22,12:32:16.237,VIX,33.49
05/09/22,12:32:31.220,VIX,33.43
05/09/22,12:32:46.268,VIX,33.49
05/09/22,12:33:01.261,VIX,33.51
05/09/22,12:33:16.224,VIX,33.44
05/09/22,12:33:31.322,VIX,33.54
05/09/22,12:33:46.254,VIX,33.54
05/09/22,12:34:01.234,VIX,33.54
05/09/22,12:34:16.236,VIX,33.52
05/09/22,12:34:31.258,VIX,33.49
05/09/22,12:34:46.240,VIX,33.56
05/09/22,12:35:01.188,VIX,33.58
05/09/22,12:35:16.275,VIX,33.63
05/09/22,12:35:31.259,VIX,33.7
05/09/22,12:35:46.125,VIX,33.71
05/09/22,12:36:01.227,VIX,33.64
05/09/22,12:36:16.234,VIX,33.7
05/09/22,12:36:31.277,VIX,33.74
05/09/22,12:36:46.298,VIX,33.73
05/09/22,12:37:01.266,VIX,33.77
05/09/22,12:37:16.250,VIX,33.81
05/09/22,12:37:31.274,VIX,33.82
05/09/22,12:37:46.234,VIX,33.82
05/09/22,12:38:01.125,VIX,33.88
05/09/22,12:38:16.282,VIX,34.03
05/09/22,12:38:31.243,VIX,34.05
05/09/22,12:38:46.226,VIX,34.01
05/09/22,12:39:01.231,VIX,34.01
05/09/22,12:39:16.228,VIX,34.04
05/09/22,12:39:31.313,VIX,34.04
05/09/22,12:39:46.237,VIX,34.08
05/09/22,12:40:01.250,VIX,34.1
05/09/22,12:40:16.228,VIX,34.1
05/09/22,12:40:31.242,VIX,34.07
05/09/22,12:40:46.222,VIX,34.03
05/09/22,12:41:01.261,VIX,34.07
05/09/22,12:41:16.238,VIX,34.09
05/09/22,12:41:31.302,VIX,34.06
05/09/22,12:41:46.255,VIX,34.11
05/09/22,12:42:01.230,VIX,34.09
05/09/22,12:42:16.234,VIX,34.09
05/09/22,12:42:31.220,VIX,34.07
05/09/22,12:42:46.241,VIX,34.05
05/09/22,12:43:01.230,VIX,34.08
05/09/22,12:43:16.131,VIX,34.11
05/09/22,12:43:31.228,VIX,34.12
05/09/22,12:43:46.323,VIX,34.11
05/09/22,12:44:01.265,VIX,34.1
05/09/22,12:44:16.308,VIX,34.11
05/09/22,12:44:31.317,VIX,34.13
05/09/22,12:44:46.268,VIX,34.15
05/09/22,12:45:01.232,VIX,34.12
05/09/22,12:45:16.225,VIX,34.1
05/09/22,12:45:31.230,VIX,34.18
05/09/22,12:45:46.216,VIX,34.18
05/09/22,12:46:01.254,VIX,34.19
05/09/22,12:46:16.171,VIX,34.19
05/09/22,12:46:31.234,VIX,34.2
05/09/22,12:46:46.282,VIX,34.22
05/09/22,12:47:01.244,VIX,34.19
05/09/22,12:47:16.257,VIX,34.2
05/09/22,12:47:31.298,VIX,34.2
05/09/22,12:47:46.285,VIX,34.18
05/09/22,12:48:01.119,VIX,34.19
05/09/22,12:48:16.244,VIX,34.21
05/09/22,12:48:31.228,VIX,34.21
05/09/22,12:48:46.242,VIX,34.2
05/09/22,12:49:01.292,VIX,34.19
05/09/22,12:49:16.188,VIX,34.22
05/09/22,12:49:31.276,VIX,34.21
05/09/22,12:49:46.274,VIX,34.22
05/09/22,12:50:01.232,VIX,34.16
05/09/22,12:50:16.295,VIX,34.2
05/09/22,12:50:31.265,VIX,34.19
05/09/22,12:50:46.324,VIX,34.19
05/09/22,12:51:01.236,VIX,34.21
05/09/22,12:51:16.324,VIX,34.25
05/09/22,12:51:31.380,VIX,34.27
05/09/22,12:51:46.316,VIX,34.27
05/09/22,12:52:01.254,VIX,34.29
05/09/22,12:52:16.321,VIX,34.31
05/09/22,12:52:31.253,VIX,34.26
05/09/22,12:52:46.170,VIX,34.22
05/09/22,12:53:01.247,VIX,34.27
05/09/22,12:53:16.305,VIX,34.24
05/09/22,12:53:31.253,VIX,34.27
05/09/22,12:53:46.265,VIX,34.31
05/09/22,12:54:01.283,VIX,34.34
05/09/22,12:54:16.250,VIX,34.34
05/09/22,12:54:31.254,VIX,34.38
05/09/22,12:54:46.313,VIX,34.33
05/09/22,12:55:01.226,VIX,34.34
05/09/22,12:55:16.156,VIX,34.35
05/09/22,12:55:31.279,VIX,34.33
05/09/22,12:55:46.262,VIX,34.29
05/09/22,12:56:01.242,VIX,34.28
05/09/22,12:56:16.303,VIX,34.32
05/09/22,12:56:31.294,VIX,34.32
05/09/22,12:56:46.319,VIX,34.33
05/09/22,12:57:01.240,VIX,34.33
05/09/22,12:57:16.234,VIX,34.35
05/09/22,12:57:31.323,VIX,34.36
05/09/22,12:57:46.322,VIX,34.36
05/09/22,12:58:01.277,VIX,34.36
05/09/22,12:58:16.244,VIX,34.38
05/09/22,12:58:31.244,VIX,34.45
05/09/22,12:58:46.305,VIX,34.41
05/09/22,12:59:01.253,VIX,34.44
05/09/22,12:59:16.296,VIX,34.43
05/09/22,12:59:31.340,VIX,34.46
05/09/22,12:59:46.286,VIX,34.46
05/09/22,13:00:01.237,VIX,34.46
05/09/22,13:00:16.228,VIX,34.45
05/09/22,13:00:31.081,VIX,34.45
05/09/22,13:00:46.261,VIX,34.54
05/09/22,13:01:01.231,VIX,34.53
05/09/22,13:01:16.216,VIX,34.53
05/09/22,13:01:31.243,VIX,34.53
05/09/22,13:01:46.125,VIX,34.53
05/09/22,13:02:01.222,VIX,34.51
05/09/22,13:02:16.148,VIX,34.45
05/09/22,13:02:31.248,VIX,34.39
05/09/22,13:02:46.237,VIX,34.47
05/09/22,13:03:01.297,VIX,34.41
05/09/22,13:03:16.260,VIX,34.45
05/09/22,13:03:31.306,VIX,34.43
05/09/22,13:03:46.236,VIX,34.42
05/09/22,13:04:01.236,VIX,34.44
05/09/22,13:04:16.259,VIX,34.45
05/09/22,13:04:31.263,VIX,34.46
05/09/22,13:04:46.323,VIX,34.43
05/09/22,13:05:01.247,VIX,34.49
05/09/22,13:05:16.334,VIX,34.46
05/09/22,13:05:31.224,VIX,34.47
05/09/22,13:05:46.284,VIX,34.47
05/09/22,13:06:01.153,VIX,34.46
05/09/22,13:06:16.246,VIX,34.49
05/09/22,13:06:31.173,VIX,34.49
05/09/22,13:06:46.280,VIX,34.47
05/09/22,13:07:01.281,VIX,34.41
05/09/22,13:07:16.316,VIX,34.41
05/09/22,13:07:31.311,VIX,34.43
05/09/22,13:07:46.151,VIX,34.45
05/09/22,13:08:01.231,VIX,34.44
05/09/22,13:08:16.247,VIX,34.44
05/09/22,13:08:31.224,VIX,34.47
05/09/22,13:08:46.264,VIX,34.55
05/09/22,13:09:01.237,VIX,34.55
05/09/22,13:09:16.245,VIX,34.51
05/09/22,13:09:31.219,VIX,34.5
05/09/22,13:09:46.273,VIX,34.53
05/09/22,13:10:01.238,VIX,34.52
05/09/22,13:10:16.291,VIX,34.61
05/09/22,13:10:31.290,VIX,34.59
05/09/22,13:10:46.286,VIX,34.61
05/09/22,13:11:01.321,VIX,34.63
05/09/22,13:11:16.268,VIX,34.7
05/09/22,13:11:31.308,VIX,34.7
05/09/22,13:11:46.262,VIX,34.69
05/09/22,13:12:01.263,VIX,34.69
05/09/22,13:12:16.270,VIX,34.66
05/09/22,13:12:31.234,VIX,34.55
05/09/22,13:12:46.271,VIX,34.66
05/09/22,13:13:01.232,VIX,34.63
05/09/22,13:13:16.186,VIX,34.64
05/09/22,13:13:31.298,VIX,34.64
05/09/22,13:13:46.282,VIX,34.62
05/09/22,13:14:01.244,VIX,34.63
05/09/22,13:14:16.230,VIX,34.64
05/09/22,13:14:31.289,VIX,34.67
05/09/22,13:14:46.292,VIX,34.68
05/09/22,13:15:01.227,VIX,34.68
05/09/22,13:15:16.243,VIX,34.66
05/09/22,13:15:31.157,VIX,34.6
05/09/22,13:15:46.228,VIX,34.6
05/09/22,13:16:01.244,VIX,34.57
05/09/22,13:16:16.278,VIX,34.57
05/09/22,13:16:31.302,VIX,34.57
05/09/22,13:16:46.295,VIX,34.55
05/09/22,13:17:01.245,VIX,34.53
05/09/22,13:17:16.232,VIX,34.53
05/09/22,13:17:31.124,VIX,34.48
05/09/22,13:17:46.273,VIX,34.44
05/09/22,13:18:01.271,VIX,34.41
05/09/22,13:18:16.247,VIX,34.41
05/09/22,13:18:31.223,VIX,34.45
05/09/22,13:18:46.237,VIX,34.4
05/09/22,13:19:01.216,VIX,34.37
05/09/22,13:19:16.136,VIX,34.32
05/09/22,13:19:31.243,VIX,34.33
05/09/22,13:19:46.242,VIX,34.33
05/09/22,13:20:01.148,VIX,34.34
05/09/22,13:20:16.255,VIX,34.43
05/09/22,13:20:31.256,VIX,34.47
05/09/22,13:20:46.268,VIX,34.45
05/09/22,13:21:01.251,VIX,34.41
05/09/22,13:21:16.264,VIX,34.45
05/09/22,13:21:31.263,VIX,34.39
05/09/22,13:21:46.243,VIX,34.41
05/09/22,13:22:01.298,VIX,34.39
05/09/22,13:22:16.323,VIX,34.43
05/09/22,13:22:31.259,VIX,34.43
05/09/22,13:22:46.314,VIX,34.4
05/09/22,13:23:01.317,VIX,34.4
05/09/22,13:23:16.220,VIX,34.4
05/09/22,13:23:31.261,VIX,34.41
05/09/22,13:23:46.238,VIX,34.4
05/09/22,13:24:01.340,VIX,34.41
05/09/22,13:24:16.234,VIX,34.4
05/09/22,13:24:31.243,VIX,34.38
05/09/22,13:24:46.255,VIX,34.47
05/09/22,13:25:01.254,VIX,34.38
05/09/22,13:25:16.280,VIX,34.25
05/09/22,13:25:31.219,VIX,34.24
05/09/22,13:25:46.274,VIX,34.21
05/09/22,13:26:01.249,VIX,34.17
05/09/22,13:26:16.231,VIX,34.22
05/09/22,13:26:31.234,VIX,34.24
05/09/22,13:26:46.288,VIX,34.2
05/09/22,13:27:01.236,VIX,34.2
05/09/22,13:27:16.256,VIX,34.13
05/09/22,13:27:31.282,VIX,34.13
05/09/22,13:27:46.241,VIX,34.08
05/09/22,13:28:01.269,VIX,34.12
05/09/22,13:28:16.261,VIX,34.23
05/09/22,13:28:31.237,VIX,34.24
05/09/22,13:28:46.301,VIX,34.14
05/09/22,13:29:01.237,VIX,34.1
05/09/22,13:29:16.249,VIX,34.07
05/09/22,13:29:31.244,VIX,33.94
05/09/22,13:29:46.244,VIX,33.96
05/09/22,13:30:01.279,VIX,33.96
05/09/22,13:30:16.242,VIX,33.93
05/09/22,13:30:31.142,VIX,33.89
05/09/22,13:30:46.273,VIX,33.87
05/09/22,13:31:01.251,VIX,33.87
05/09/22,13:31:16.223,VIX,33.84
05/09/22,13:31:31.250,VIX,33.86
05/09/22,13:31:46.150,VIX,33.95
05/09/22,13:32:01.223,VIX,33.86
05/09/22,13:32:16.147,VIX,33.94
05/09/22,13:32:31.281,VIX,33.99
05/09/22,13:32:46.323,VIX,34.02
05/09/22,13:33:01.238,VIX,34.07
05/09/22,13:33:16.266,VIX,34.2
05/09/22,13:33:31.226,VIX,34.15
05/09/22,13:33:46.254,VIX,34.17
05/09/22,13:34:01.241,VIX,34.17
05/09/22,13:34:16.161,VIX,34.15
05/09/22,13:34:31.239,VIX,34.17
05/09/22,13:34:46.247,VIX,34.24
05/09/22,13:35:01.245,VIX,34.25
05/09/22,13:35:16.309,VIX,34.3
05/09/22,13:35:31.306,VIX,34.3
05/09/22,13:35:46.241,VIX,34.31
05/09/22,13:36:01.262,VIX,34.3
05/09/22,13:36:16.264,VIX,34.34
05/09/22,13:36:31.247,VIX,34.33
05/09/22,13:36:46.262,VIX,34.3
05/09/22,13:37:01.256,VIX,34.29
05/09/22,13:37:16.317,VIX,34.3
05/09/22,13:37:31.272,VIX,34.31
05/09/22,13:37:46.270,VIX,34.39
05/09/22,13:38:01.315,VIX,34.36
05/09/22,13:38:16.243,VIX,34.37
05/09/22,13:38:31.241,VIX,34.41
05/09/22,13:38:46.314,VIX,34.41
05/09/22,13:39:01.224,VIX,34.42
05/09/22,13:39:16.227,VIX,34.4
05/09/22,13:39:31.371,VIX,34.34
05/09/22,13:39:46.260,VIX,34.33
05/09/22,13:40:01.132,VIX,34.28
05/09/22,13:40:16.309,VIX,34.29
05/09/22,13:40:31.227,VIX,34.25
05/09/22,13:40:46.215,VIX,34.26
05/09/22,13:41:01.241,VIX,34.2
05/09/22,13:41:16.232,VIX,34.13
05/09/22,13:41:31.245,VIX,34.14
05/09/22,13:41:46.270,VIX,34.11
05/09/22,13:42:01.232,VIX,34.03
05/09/22,13:42:16.229,VIX,34.03
05/09/22,13:42:31.284,VIX,34.02
05/09/22,13:42:46.281,VIX,33.96
05/09/22,13:43:01.220,VIX,34.01
05/09/22,13:43:16.133,VIX,33.94
05/09/22,13:43:31.254,VIX,33.96
05/09/22,13:43:46.220,VIX,33.87
05/09/22,13:44:01.241,VIX,33.9
05/09/22,13:44:16.218,VIX,33.9
05/09/22,13:44:31.261,VIX,33.9
05/09/22,13:44:46.276,VIX,33.87
05/09/22,13:45:01.250,VIX,33.86
05/09/22,13:45:16.287,VIX,33.79
05/09/22,13:45:31.231,VIX,33.81
05/09/22,13:45:46.266,VIX,33.82
05/09/22,13:46:01.227,VIX,33.88
05/09/22,13:46:16.229,VIX,33.91
05/09/22,13:46:31.232,VIX,33.93
05/09/22,13:46:46.318,VIX,33.92
05/09/22,13:47:01.246,VIX,33.95
05/09/22,13:47:16.258,VIX,34.02
05/09/22,13:47:31.240,VIX,33.98
05/09/22,13:47:46.221,VIX,33.92
05/09/22,13:48:01.236,VIX,33.83
05/09/22,13:48:16.254,VIX,33.84
05/09/22,13:48:31.230,VIX,33.8
05/09/22,13:48:46.261,VIX,33.83
05/09/22,13:49:01.221,VIX,33.91
05/09/22,13:49:16.269,VIX,33.96
05/09/22,13:49:31.298,VIX,34.0
05/09/22,13:49:46.236,VIX,34.01
05/09/22,13:50:01.237,VIX,34.01
05/09/22,13:50:16.232,VIX,34.02
05/09/22,13:50:31.243,VIX,34.01
05/09/22,13:50:46.263,VIX,34.0
05/09/22,13:51:01.226,VIX,34.03
05/09/22,13:51:16.216,VIX,34.11
05/09/22,13:51:31.237,VIX,34.17
05/09/22,13:51:46.239,VIX,34.22
05/09/22,13:52:01.297,VIX,34.22
05/09/22,13:52:16.218,VIX,34.25
05/09/22,13:52:31.330,VIX,34.26
05/09/22,13:52:46.280,VIX,34.29
05/09/22,13:53:01.236,VIX,34.29
05/09/22,13:53:16.238,VIX,34.28
05/09/22,13:53:31.332,VIX,34.28
05/09/22,13:53:46.264,VIX,34.29
05/09/22,13:54:01.270,VIX,34.29
05/09/22,13:54:16.236,VIX,34.39
05/09/22,13:54:31.374,VIX,34.36
05/09/22,13:54:46.252,VIX,34.33
05/09/22,13:55:01.231,VIX,34.31
05/09/22,13:55:16.224,VIX,34.32
05/09/22,13:55:31.229,VIX,34.29
05/09/22,13:55:46.244,VIX,34.22
05/09/22,13:56:01.251,VIX,34.24
05/09/22,13:56:16.278,VIX,34.17
05/09/22,13:56:31.224,VIX,34.17
05/09/22,13:56:46.250,VIX,34.16
05/09/22,13:57:01.294,VIX,34.14
05/09/22,13:57:16.278,VIX,34.13
05/09/22,13:57:31.233,VIX,33.98
05/09/22,13:57:46.346,VIX,34.02
05/09/22,13:58:01.243,VIX,33.96
05/09/22,13:58:16.309,VIX,34.04
05/09/22,13:58:31.142,VIX,34.03
05/09/22,13:58:46.239,VIX,34.05
05/09/22,13:59:01.291,VIX,34.01
05/09/22,13:59:16.242,VIX,33.99
05/09/22,13:59:31.238,VIX,34.05
05/09/22,13:59:46.253,VIX,34.04
05/09/22,14:00:01.230,VIX,34.05
05/09/22,14:00:16.247,VIX,34.05
05/09/22,14:00:31.235,VIX,33.99
05/09/22,14:00:46.279,VIX,34.02
05/09/22,14:01:01.252,VIX,33.99
05/09/22,14:01:16.266,VIX,33.93
05/09/22,14:01:31.257,VIX,33.9
05/09/22,14:01:46.250,VIX,33.92
05/09/22,14:02:01.261,VIX,33.89
05/09/22,14:02:16.245,VIX,33.86
05/09/22,14:02:31.239,VIX,33.83
05/09/22,14:02:46.296,VIX,33.9
05/09/22,14:03:01.289,VIX,33.9
05/09/22,14:03:16.240,VIX,33.89
05/09/22,14:03:31.279,VIX,33.88
05/09/22,14:03:46.271,VIX,33.99
05/09/22,14:04:01.142,VIX,33.99
05/09/22,14:04:16.237,VIX,34.0
05/09/22,14:04:31.265,VIX,33.98
05/09/22,14:04:46.254,VIX,34.02
05/09/22,14:05:01.260,VIX,33.98
05/09/22,14:05:16.254,VIX,33.93
05/09/22,14:05:31.316,VIX,33.92
05/09/22,14:05:46.244,VIX,33.96
05/09/22,14:06:01.225,VIX,33.97
05/09/22,14:06:16.229,VIX,33.98
05/09/22,14:06:31.298,VIX,34.02
05/09/22,14:06:46.262,VIX,34.03
05/09/22,14:07:01.154,VIX,34.11
05/09/22,14:07:16.281,VIX,34.08
05/09/22,14:07:31.288,VIX,34.04
05/09/22,14:07:46.284,VIX,34.07
05/09/22,14:08:01.289,VIX,34.07
05/09/22,14:08:16.275,VIX,34.08
05/09/22,14:08:31.064,VIX,34.06
05/09/22,14:08:46.254,VIX,34.07
05/09/22,14:09:01.257,VIX,34.11
05/09/22,14:09:16.288,VIX,34.13
05/09/22,14:09:31.268,VIX,34.08
05/09/22,14:09:46.275,VIX,34.03
05/09/22,14:10:01.255,VIX,34.05
05/09/22,14:10:16.240,VIX,34.11
05/09/22,14:10:31.245,VIX,34.11
05/09/22,14:10:46.225,VIX,34.11
05/09/22,14:11:01.245,VIX,34.11
05/09/22,14:11:16.263,VIX,34.05
05/09/22,14:11:31.319,VIX,34.06
05/09/22,14:11:46.267,VIX,34.08
05/09/22,14:12:01.233,VIX,34.06
05/09/22,14:12:16.293,VIX,34.03
05/09/22,14:12:31.456,VIX,33.98
05/09/22,14:12:46.224,VIX,34.01
05/09/22,14:13:01.253,VIX,33.86
05/09/22,14:13:16.224,VIX,33.81
05/09/22,14:13:31.228,VIX,33.9
05/09/22,14:13:46.238,VIX,33.95
05/09/22,14:14:01.231,VIX,33.95
05/09/22,14:14:16.224,VIX,34.0
05/09/22,14:14:31.232,VIX,34.0
05/09/22,14:14:46.261,VIX,34.0
05/09/22,14:15:01.282,VIX,34.02
05/09/22,14:15:16.237,VIX,33.98
05/09/22,14:15:31.232,VIX,34.0
05/09/22,14:15:46.219,VIX,33.98
05/09/22,14:16:01.243,VIX,33.97
05/09/22,14:16:16.251,VIX,33.93
05/09/22,14:16:31.247,VIX,33.95
05/09/22,14:16:46.170,VIX,33.94
05/09/22,14:17:01.226,VIX,33.84
05/09/22,14:17:16.120,VIX,33.82
05/09/22,14:17:31.272,VIX,33.83
05/09/22,14:17:46.262,VIX,33.84
05/09/22,14:18:01.265,VIX,33.85
05/09/22,14:18:16.240,VIX,33.82
05/09/22,14:18:31.247,VIX,33.75
05/09/22,14:18:46.131,VIX,33.73
05/09/22,14:19:01.240,VIX,33.69
05/09/22,14:19:16.243,VIX,33.69
05/09/22,14:19:31.228,VIX,33.75
05/09/22,14:19:46.274,VIX,33.77
05/09/22,14:20:01.271,VIX,33.69
05/09/22,14:20:16.132,VIX,33.81
05/09/22,14:20:31.235,VIX,33.8
05/09/22,14:20:46.317,VIX,33.78
05/09/22,14:21:01.217,VIX,33.79
05/09/22,14:21:16.243,VIX,33.89
05/09/22,14:21:31.272,VIX,33.89
05/09/22,14:21:46.254,VIX,33.88
05/09/22,14:22:01.185,VIX,33.89
05/09/22,14:22:16.250,VIX,33.9
05/09/22,14:22:31.224,VIX,33.88
05/09/22,14:22:46.238,VIX,33.95
05/09/22,14:23:01.221,VIX,33.99
05/09/22,14:23:16.253,VIX,33.99
05/09/22,14:23:31.258,VIX,34.08
05/09/22,14:23:46.270,VIX,34.07
05/09/22,14:24:01.233,VIX,34.06
05/09/22,14:24:16.265,VIX,34.08
05/09/22,14:24:31.250,VIX,34.08
05/09/22,14:24:46.242,VIX,34.07
05/09/22,14:25:01.180,VIX,34.05
05/09/22,14:25:16.273,VIX,34.11
05/09/22,14:25:31.279,VIX,34.13
05/09/22,14:25:46.241,VIX,34.08
05/09/22,14:26:01.226,VIX,34.08
05/09/22,14:26:16.285,VIX,34.13
05/09/22,14:26:31.242,VIX,34.17
05/09/22,14:26:46.263,VIX,34.16
05/09/22,14:27:01.230,VIX,34.14
05/09/22,14:27:16.407,VIX,34.14
05/09/22,14:27:31.148,VIX,34.19
05/09/22,14:27:46.236,VIX,34.2
05/09/22,14:28:01.250,VIX,34.21
05/09/22,14:28:16.266,VIX,34.26
05/09/22,14:28:31.232,VIX,34.27
05/09/22,14:28:46.286,VIX,34.17
05/09/22,14:29:01.284,VIX,34.17
05/09/22,14:29:16.276,VIX,34.12
05/09/22,14:29:31.227,VIX,34.07
05/09/22,14:29:46.272,VIX,34.16
05/09/22,14:30:01.224,VIX,34.17
05/09/22,14:30:16.227,VIX,34.22
05/09/22,14:30:31.232,VIX,34.26
05/09/22,14:30:46.295,VIX,34.26
05/09/22,14:31:01.254,VIX,34.17
05/09/22,14:31:16.295,VIX,34.22
05/09/22,14:31:31.243,VIX,34.25
05/09/22,14:31:46.289,VIX,34.27
05/09/22,14:32:01.247,VIX,34.34
05/09/22,14:32:16.253,VIX,34.43
05/09/22,14:32:31.288,VIX,34.43
05/09/22,14:32:46.225,VIX,34.45
05/09/22,14:33:01.328,VIX,34.46
05/09/22,14:33:16.276,VIX,34.45
05/09/22,14:33:31.253,VIX,34.42
05/09/22,14:33:46.232,VIX,34.46
05/09/22,14:34:01.287,VIX,34.44
05/09/22,14:34:16.255,VIX,34.36
05/09/22,14:34:31.274,VIX,34.15
05/09/22,14:34:46.251,VIX,34.19
05/09/22,14:35:01.239,VIX,34.26
05/09/22,14:35:16.231,VIX,34.18
05/09/22,14:35:31.264,VIX,34.08
05/09/22,14:35:46.297,VIX,34.09
05/09/22,14:36:01.226,VIX,34.13
05/09/22,14:36:16.244,VIX,34.18
05/09/22,14:36:31.282,VIX,34.26
05/09/22,14:36:46.179,VIX,34.29
05/09/22,14:37:01.268,VIX,34.26
05/09/22,14:37:16.340,VIX,34.28
05/09/22,14:37:31.230,VIX,34.26
05/09/22,14:37:46.273,VIX,34.2
05/09/22,14:38:01.262,VIX,34.21
05/09/22,14:38:16.264,VIX,34.05
05/09/22,14:38:31.283,VIX,34.09
05/09/22,14:38:46.320,VIX,34.05
05/09/22,14:39:01.233,VIX,34.07
05/09/22,14:39:16.292,VIX,34.17
05/09/22,14:39:31.260,VIX,34.25
05/09/22,14:39:46.257,VIX,34.22
05/09/22,14:40:01.225,VIX,34.24
05/09/22,14:40:16.251,VIX,34.26
05/09/22,14:40:31.224,VIX,34.27
05/09/22,14:40:46.318,VIX,34.3
05/09/22,14:41:01.293,VIX,34.29
05/09/22,14:41:16.246,VIX,34.28
05/09/22,14:41:31.281,VIX,34.25
05/09/22,14:41:46.289,VIX,34.25
05/09/22,14:42:01.259,VIX,34.29
05/09/22,14:42:16.294,VIX,34.31
05/09/22,14:42:31.264,VIX,34.33
05/09/22,14:42:46.283,VIX,34.28
05/09/22,14:43:01.269,VIX,34.3
05/09/22,14:43:16.253,VIX,34.29
05/09/22,14:43:31.257,VIX,34.29
05/09/22,14:43:46.309,VIX,34.3
05/09/22,14:44:01.269,VIX,34.29
05/09/22,14:44:16.264,VIX,34.23
05/09/22,14:44:31.202,VIX,34.24
05/09/22,14:44:46.313,VIX,34.18
05/09/22,14:45:01.219,VIX,34.28
05/09/22,14:45:16.132,VIX,34.21
05/09/22,14:45:31.252,VIX,34.23
05/09/22,14:45:46.235,VIX,34.2
05/09/22,14:46:01.276,VIX,34.21
05/09/22,14:46:16.275,VIX,34.21
05/09/22,14:46:31.238,VIX,34.16
05/09/22,14:46:46.225,VIX,34.13
05/09/22,14:47:01.260,VIX,34.06
05/09/22,14:47:16.227,VIX,34.06
05/09/22,14:47:31.244,VIX,33.95
05/09/22,14:47:46.272,VIX,33.97
05/09/22,14:48:01.312,VIX,33.95
05/09/22,14:48:16.358,VIX,33.96
05/09/22,14:48:31.218,VIX,33.91
05/09/22,14:48:46.371,VIX,33.91
05/09/22,14:49:01.236,VIX,33.98
05/09/22,14:49:16.237,VIX,34.09
05/09/22,14:49:31.277,VIX,34.16
05/09/22,14:49:46.303,VIX,34.25
05/09/22,14:50:01.218,VIX,34.24
05/09/22,14:50:16.170,VIX,34.32
05/09/22,14:50:31.255,VIX,34.43
05/09/22,14:50:46.229,VIX,34.4
05/09/22,14:51:01.265,VIX,34.36
05/09/22,14:51:16.245,VIX,34.23
05/09/22,14:51:31.231,VIX,34.22
05/09/22,14:51:46.262,VIX,34.14
05/09/22,14:52:01.282,VIX,34.1
05/09/22,14:52:16.234,VIX,33.99
05/09/22,14:52:31.233,VIX,34.11
05/09/22,14:52:46.259,VIX,34.03
05/09/22,14:53:01.223,VIX,34.03
05/09/22,14:53:16.277,VIX,34.1
05/09/22,14:53:31.258,VIX,34.03
05/09/22,14:53:46.258,VIX,34.07
05/09/22,14:54:01.235,VIX,34.07
05/09/22,14:54:16.282,VIX,33.99
05/09/22,14:54:31.253,VIX,34.02
05/09/22,14:54:46.322,VIX,34.04
05/09/22,14:55:01.240,VIX,34.04
05/09/22,14:55:16.244,VIX,33.99
05/09/22,14:55:31.251,VIX,33.97
05/09/22,14:55:46.270,VIX,33.96
05/09/22,14:56:01.228,VIX,33.95
05/09/22,14:56:16.273,VIX,33.92
05/09/22,14:56:31.317,VIX,33.81
05/09/22,14:56:46.279,VIX,33.82
05/09/22,14:57:01.228,VIX,33.84
05/09/22,14:57:16.267,VIX,33.79
05/09/22,14:57:31.256,VIX,33.73
05/09/22,14:57:46.258,VIX,33.72
05/09/22,14:58:01.221,VIX,33.71
05/09/22,14:58:16.284,VIX,33.74
05/09/22,14:58:31.297,VIX,33.73
05/09/22,14:58:46.238,VIX,33.78
05/09/22,14:59:01.239,VIX,33.75
05/09/22,14:59:16.312,VIX,33.7
05/09/22,14:59:31.244,VIX,33.76
05/09/22,14:59:46.233,VIX,33.8
05/09/22,15:00:01.130,VIX,33.75
05/09/22,15:00:16.242,VIX,33.75
05/09/22,15:00:31.233,VIX,33.78
05/09/22,15:00:46.240,VIX,33.77
05/09/22,15:01:01.234,VIX,33.66
05/09/22,15:01:16.232,VIX,33.54
05/09/22,15:01:31.268,VIX,33.51
05/09/22,15:01:46.281,VIX,33.52
05/09/22,15:02:01.229,VIX,33.48
05/09/22,15:02:16.298,VIX,33.58
05/09/22,15:02:31.222,VIX,33.52
05/09/22,15:02:46.245,VIX,33.52
05/09/22,15:03:01.241,VIX,33.54
05/09/22,15:03:16.071,VIX,33.48
05/09/22,15:03:31.225,VIX,33.62
05/09/22,15:03:46.277,VIX,33.7
05/09/22,15:04:01.250,VIX,33.69
05/09/22,15:04:16.252,VIX,33.8
05/09/22,15:04:31.236,VIX,33.83
05/09/22,15:04:46.237,VIX,33.81
05/09/22,15:05:01.215,VIX,33.77
05/09/22,15:05:16.217,VIX,33.69
05/09/22,15:05:31.228,VIX,33.69
05/09/22,15:05:46.237,VIX,33.79
05/09/22,15:06:01.233,VIX,33.77
05/09/22,15:06:16.229,VIX,33.72
05/09/22,15:06:31.246,VIX,33.67
05/09/22,15:06:46.119,VIX,33.62
05/09/22,15:07:01.237,VIX,33.6
05/09/22,15:07:16.253,VIX,33.46
05/09/22,15:07:31.262,VIX,33.45
05/09/22,15:07:46.313,VIX,33.4
05/09/22,15:08:01.241,VIX,33.42
05/09/22,15:08:16.243,VIX,33.46
05/09/22,15:08:31.252,VIX,33.5
05/09/22,15:08:46.228,VIX,33.53
05/09/22,15:09:01.240,VIX,33.54
05/09/22,15:09:16.229,VIX,33.68
05/09/22,15:09:31.227,VIX,33.77
05/09/22,15:09:46.240,VIX,33.75
05/09/22,15:10:01.253,VIX,33.68
05/09/22,15:10:16.216,VIX,33.68
05/09/22,15:10:31.215,VIX,33.71
05/09/22,15:10:46.156,VIX,33.72
05/09/22,15:11:01.291,VIX,33.72
05/09/22,15:11:16.219,VIX,33.56
05/09/22,15:11:31.277,VIX,33.54
05/09/22,15:11:46.242,VIX,33.53
05/09/22,15:12:01.220,VIX,33.51
05/09/22,15:12:16.148,VIX,33.53
05/09/22,15:12:31.247,VIX,33.4
05/09/22,15:12:46.278,VIX,33.45
05/09/22,15:13:01.148,VIX,33.4
05/09/22,15:13:16.240,VIX,33.37
05/09/22,15:13:31.280,VIX,33.34
05/09/22,15:13:46.234,VIX,33.32
05/09/22,15:14:01.280,VIX,33.34
05/09/22,15:14:16.261,VIX,33.42
05/09/22,15:14:31.243,VIX,33.4
05/09/22,15:14:46.243,VIX,33.4
05/09/22,15:15:01.237,VIX,33.35
05/09/22,15:15:16.144,VIX,33.35
05/09/22,15:15:31.224,VIX,33.32
05/09/22,15:15:46.255,VIX,33.31
05/09/22,15:16:01.256,VIX,33.39
05/09/22,15:16:16.190,VIX,33.43
05/09/22,15:16:31.277,VIX,33.47
05/09/22,15:16:46.268,VIX,33.49
05/09/22,15:17:01.245,VIX,33.45
05/09/22,15:17:16.231,VIX,33.51
05/09/22,15:17:31.235,VIX,33.58
05/09/22,15:17:46.239,VIX,33.57
05/09/22,15:18:01.216,VIX,33.62
05/09/22,15:18:16.249,VIX,33.6
05/09/22,15:18:31.237,VIX,33.56
05/09/22,15:18:46.252,VIX,33.61
05/09/22,15:19:01.242,VIX,33.59
05/09/22,15:19:16.217,VIX,33.52
05/09/22,15:19:31.249,VIX,33.56
05/09/22,15:19:46.320,VIX,33.61
05/09/22,15:20:01.225,VIX,33.61
05/09/22,15:20:16.222,VIX,33.72
05/09/22,15:20:31.245,VIX,33.75
05/09/22,15:20:46.246,VIX,33.79
05/09/22,15:21:01.238,VIX,33.85
05/09/22,15:21:16.146,VIX,33.86
05/09/22,15:21:31.228,VIX,33.88
05/09/22,15:21:46.313,VIX,33.87
05/09/22,15:22:01.226,VIX,33.9
05/09/22,15:22:16.266,VIX,33.94
05/09/22,15:22:31.314,VIX,33.93
05/09/22,15:22:46.241,VIX,33.98
05/09/22,15:23:01.237,VIX,34.01
05/09/22,15:23:16.255,VIX,34.02
05/09/22,15:23:31.286,VIX,34.05
05/09/22,15:23:46.268,VIX,34.03
05/09/22,15:24:01.189,VIX,34.03
05/09/22,15:24:16.241,VIX,34.08
05/09/22,15:24:31.248,VIX,34.1
05/09/22,15:24:46.248,VIX,34.08
05/09/22,15:25:01.137,VIX,34.08
05/09/22,15:25:16.323,VIX,34.1
05/09/22,15:25:31.304,VIX,34.1
05/09/22,15:25:46.291,VIX,34.07
05/09/22,15:26:01.221,VIX,34.06
05/09/22,15:26:16.171,VIX,34.07
05/09/22,15:26:31.303,VIX,34.06
05/09/22,15:26:46.244,VIX,34.1
05/09/22,15:27:01.254,VIX,34.12
05/09/22,15:27:16.233,VIX,34.11
05/09/22,15:27:31.234,VIX,34.13
05/09/22,15:27:46.145,VIX,34.17
05/09/22,15:28:01.231,VIX,34.2
05/09/22,15:28:16.141,VIX,34.22
05/09/22,15:28:31.330,VIX,34.23
05/09/22,15:28:46.240,VIX,34.17
05/09/22,15:29:01.242,VIX,34.2
05/09/22,15:29:16.119,VIX,34.3
05/09/22,15:29:31.261,VIX,34.35
05/09/22,15:29:46.234,VIX,34.32
05/09/22,15:30:01.236,VIX,34.24
05/09/22,15:30:16.247,VIX,34.31
05/09/22,15:30:31.301,VIX,34.35
05/09/22,15:30:46.254,VIX,34.35
05/09/22,15:31:01.250,VIX,34.28
05/09/22,15:31:16.309,VIX,34.28
05/09/22,15:31:31.262,VIX,34.29
05/09/22,15:31:46.268,VIX,34.36
05/09/22,15:32:01.230,VIX,34.42
05/09/22,15:32:16.237,VIX,34.57
05/09/22,15:32:31.173,VIX,34.58
05/09/22,15:32:46.262,VIX,34.57
05/09/22,15:33:01.294,VIX,34.59
05/09/22,15:33:16.181,VIX,34.56
05/09/22,15:33:31.251,VIX,34.39
05/09/22,15:33:46.266,VIX,34.4
05/09/22,15:34:01.236,VIX,34.4
05/09/22,15:34:16.229,VIX,34.46
05/09/22,15:34:31.241,VIX,34.48
05/09/22,15:34:46.233,VIX,34.47
05/09/22,15:35:01.223,VIX,34.45
05/09/22,15:35:16.261,VIX,34.46
05/09/22,15:35:31.217,VIX,34.52
05/09/22,15:35:46.287,VIX,34.58
05/09/22,15:36:01.254,VIX,34.58
05/09/22,15:36:16.229,VIX,34.53
05/09/22,15:36:31.227,VIX,34.5
05/09/22,15:36:46.251,VIX,34.48
05/09/22,15:37:01.253,VIX,34.47
05/09/22,15:37:16.222,VIX,34.4
05/09/22,15:37:31.225,VIX,34.52
05/09/22,15:37:46.320,VIX,34.49
05/09/22,15:38:01.250,VIX,34.42
05/09/22,15:38:16.246,VIX,34.44
05/09/22,15:38:31.251,VIX,34.51
05/09/22,15:38:46.243,VIX,34.52
05/09/22,15:39:01.245,VIX,34.47
05/09/22,15:39:16.278,VIX,34.49
05/09/22,15:39:31.076,VIX,34.51
05/09/22,15:39:46.237,VIX,34.47
05/09/22,15:40:01.227,VIX,34.46
05/09/22,15:40:16.229,VIX,34.48
05/09/22,15:40:31.230,VIX,34.62
05/09/22,15:40:46.142,VIX,34.66
05/09/22,15:41:01.242,VIX,34.64
05/09/22,15:41:16.261,VIX,34.58
05/09/22,15:41:31.267,VIX,34.66
05/09/22,15:41:46.204,VIX,34.61
05/09/22,15:42:01.315,VIX,34.66
05/09/22,15:42:16.269,VIX,34.66
05/09/22,15:42:31.267,VIX,34.68
05/09/22,15:42:46.129,VIX,34.68
05/09/22,15:43:01.277,VIX,34.73
05/09/22,15:43:16.281,VIX,34.83
05/09/22,15:43:31.317,VIX,34.82
05/09/22,15:43:46.255,VIX,34.83
05/09/22,15:44:01.246,VIX,34.86
05/09/22,15:44:16.278,VIX,34.88
05/09/22,15:44:31.166,VIX,34.91
05/09/22,15:44:46.255,VIX,34.82
05/09/22,15:45:01.238,VIX,34.85
05/09/22,15:45:16.226,VIX,34.78
05/09/22,15:45:31.243,VIX,34.82
05/09/22,15:45:46.220,VIX,34.82
05/09/22,15:46:01.276,VIX,34.87
05/09/22,15:46:16.271,VIX,34.89
05/09/22,15:46:31.289,VIX,34.93
05/09/22,15:46:46.257,VIX,34.95
05/09/22,15:47:01.294,VIX,35.05
05/09/22,15:47:16.220,VIX,35.03
05/09/22,15:47:31.263,VIX,35.06
05/09/22,15:47:46.247,VIX,35.04
05/09/22,15:48:01.238,VIX,35.05
05/09/22,15:48:16.249,VIX,35.01
05/09/22,15:48:31.159,VIX,35.02
05/09/22,15:48:46.185,VIX,35.05
05/09/22,15:49:01.250,VIX,35.01
05/09/22,15:49:16.260,VIX,35.05
05/09/22,15:49:31.236,VIX,35.09
05/09/22,15:49:46.324,VIX,35.17
05/09/22,15:50:00.846,VIX,35.11
05/09/22,15:50:16.221,VIX,35.14
05/09/22,15:50:31.264,VIX,35.25
05/09/22,15:50:46.263,VIX,35.33
05/09/22,15:51:01.237,VIX,35.26
05/09/22,15:51:16.261,VIX,35.33
05/09/22,15:51:31.121,VIX,35.46
05/09/22,15:51:46.256,VIX,35.43
05/09/22,15:52:01.232,VIX,35.48
05/09/22,15:52:16.241,VIX,35.48
05/09/22,15:52:31.232,VIX,35.42
05/09/22,15:52:46.267,VIX,35.4
05/09/22,15:53:01.220,VIX,35.38
05/09/22,15:53:16.142,VIX,35.46
05/09/22,15:53:31.237,VIX,35.42
05/09/22,15:53:46.220,VIX,35.29
05/09/22,15:54:01.314,VIX,35.23
05/09/22,15:54:16.374,VIX,35.19
05/09/22,15:54:31.232,VIX,35.22
05/09/22,15:54:46.232,VIX,35.29
05/09/22,15:55:01.224,VIX,35.25
05/09/22,15:55:16.256,VIX,35.08
05/09/22,15:55:31.234,VIX,35.05
05/09/22,15:55:46.238,VIX,34.97
05/09/22,15:56:01.270,VIX,34.89
05/09/22,15:56:16.243,VIX,34.82
05/09/22,15:56:31.303,VIX,34.87
05/09/22,15:56:46.296,VIX,34.87
05/09/22,15:57:01.221,VIX,34.79
05/09/22,15:57:16.260,VIX,34.74
05/09/22,15:57:31.266,VIX,34.63
05/09/22,15:57:46.251,VIX,34.7
05/09/22,15:58:01.224,VIX,34.7
05/09/22,15:58:16.246,VIX,34.7
05/09/22,15:58:31.275,VIX,34.66
05/09/22,15:58:46.244,VIX,34.69
05/09/22,15:59:01.236,VIX,34.81
05/09/22,15:59:16.256,VIX,34.89
05/09/22,15:59:31.221,VIX,34.96
05/09/22,15:59:46.228,VIX,34.91
05/09/22,16:00:01.562,VIX,34.91
05/09/22,16:00:16.298,VIX,34.94
05/09/22,16:00:31.281,VIX,34.94
05/09/22,16:00:46.245,VIX,34.82
05/09/22,16:01:01.355,VIX,34.82
05/09/22,16:01:16.228,VIX,34.82
05/09/22,16:01:31.255,VIX,34.83
05/09/22,16:01:46.244,VIX,34.87
05/09/22,16:02:01.227,VIX,34.88
05/09/22,16:02:16.272,VIX,34.87
05/09/22,16:02:31.282,VIX,34.88
05/09/22,16:02:46.256,VIX,34.88
05/09/22,16:03:01.309,VIX,34.87
05/09/22,16:03:16.289,VIX,34.88
05/09/22,16:03:31.316,VIX,34.89
05/09/22,16:03:46.358,VIX,34.89
05/09/22,16:04:01.214,VIX,34.87
05/09/22,16:04:16.245,VIX,34.85
05/09/22,16:04:31.302,VIX,34.83
05/09/22,16:04:46.267,VIX,34.86
05/09/22,16:05:01.312,VIX,34.85
05/09/22,16:05:16.458,VIX,34.86
05/09/22,16:05:31.320,VIX,34.87
05/09/22,16:05:46.150,VIX,34.88
05/09/22,16:06:01.239,VIX,34.86
05/09/22,16:06:16.320,VIX,34.85
05/09/22,16:06:31.373,VIX,34.84
05/09/22,16:06:46.274,VIX,34.82
05/09/22,16:07:01.258,VIX,34.79
05/09/22,16:07:16.238,VIX,34.71
05/09/22,16:07:31.319,VIX,34.66
05/09/22,16:07:46.147,VIX,34.65
05/09/22,16:08:01.253,VIX,34.7
05/09/22,16:08:16.299,VIX,34.73
05/09/22,16:08:31.229,VIX,34.75
05/09/22,16:08:46.430,VIX,34.74
05/09/22,16:09:01.265,VIX,34.8
05/09/22,16:09:16.221,VIX,34.82
05/09/22,16:09:31.263,VIX,34.83
05/09/22,16:09:46.227,VIX,34.8
05/09/22,16:10:01.263,VIX,34.81
05/09/22,16:10:16.274,VIX,34.84
05/09/22,16:10:31.269,VIX,34.81
05/09/22,16:10:46.376,VIX,34.79
05/09/22,16:11:01.228,VIX,34.78
05/09/22,16:11:16.287,VIX,34.79
05/09/22,16:11:31.250,VIX,34.81
05/09/22,16:11:46.250,VIX,34.76
05/09/22,16:12:01.226,VIX,34.74
05/09/22,16:12:16.453,VIX,34.69
05/09/22,16:12:31.318,VIX,34.68
05/09/22,16:12:46.254,VIX,34.68
05/09/22,16:13:01.190,VIX,34.68
05/09/22,16:13:16.241,VIX,34.65
05/09/22,16:13:31.280,VIX,34.7
05/09/22,16:13:46.382,VIX,34.7
05/09/22,16:14:01.240,VIX,34.7
05/09/22,16:14:16.381,VIX,34.7
05/09/22,16:14:31.212,VIX,34.68
05/09/22,16:14:46.416,VIX,34.72
05/09/22,16:15:01.227,VIX,34.75
