10/1/15,0.06
10/2/15,0.01
10/3/15,0.01
10/4/15,0
10/5/15,0
10/6/15,0
10/7/15,0.01
10/8/15,0
10/9/15,0
10/10/15,0
10/11/15,0
10/12/15,0
10/13/15,0
10/14/15,0
10/15/15,0.02
10/16/15,0
10/17/15,0
10/18/15,0
10/19/15,0.01
10/20/15,0
10/21/15,0
10/22/15,0.01
10/23/15,0.01
10/24/15,0
10/25/15,0
10/26/15,0
10/27/15,0
10/28/15,0.01
10/29/15,0
10/30/15,0
10/31/15,0
11/1/15,0
11/2/15,1.02
11/3/15,0.01
11/4/15,0
11/5/15,0
11/6/15,0.01
11/7/15,0
11/8/15,0.11
11/9/15,0.35
11/10/15,0
11/11/15,0.01
11/12/15,0
11/13/15,0.01
11/14/15,0
11/15/15,0.56
11/16/15,0
11/17/15,0
11/18/15,0
11/19/15,0.01
11/20/15,0
11/21/15,0
11/22/15,0.01
11/23/15,0
11/24/15,0.32
11/25/15,0.08
11/26/15,0
11/27/15,0
11/28/15,0.01
11/29/15,0
11/30/15,0
12/1/15,0
12/2/15,0.01
12/3/15,1.2
12/4/15,0
12/5/15,0.01
12/6/15,0
12/7/15,0
12/8/15,0.01
12/9/15,0.01
12/10/15,1.06
12/11/15,0.24
12/12/15,0.01
12/13/15,1.24
12/14/15,0.01
12/15/15,0.01
12/16/15,0.01
12/17/15,0.01
12/18/15,0.24
12/19/15,0.08
12/20/15,0.65
12/21/15,1.8
12/22/15,0.88
12/23/15,0
12/24/15,0.33
12/25/15,0.02
12/26/15,0.01
12/27/15,0.03
12/28/15,0.12
12/29/15,0.01
12/30/15,0.01
12/31/15,0
1/1/16,0.01
1/2/16,0.12
1/3/16,1.8
1/4/16,4.8
1/5/16,0
1/6/16,0
1/7/16,1.12
1/8/16,3.3
1/9/16,2.7
1/10/16,0.96
1/11/16,2.05
1/12/16,0.58
1/13/16,0
1/14/16,0
1/15/16,0
1/16/16,0
1/17/16,0.06
1/18/16,2.38
1/19/16,3.38
1/20/16,0.33
1/21/16,2.85
1/22/16,0.8
1/23/16,0.13
1/24/16,0
1/25/16,0
1/26/16,0
1/27/16,0
1/28/16,0
1/29/16,0
1/30/16,0
1/31/16,0
2/1/16,0
2/2/16,1.35
2/3/16,1.1
2/4/16,0.51
2/5/16,0.12
2/6/16,1.11
2/7/16,5.3
2/8/16,0.7
2/9/16,3.15
2/10/16,0.3
2/11/16,0
2/12/16,0
2/13/16,0
2/14/16,0
2/15/16,0
2/16/16,1.21
2/17/16,1.35
2/18/16,1.82
2/19/16,0
2/20/16,3.25
2/21/16,2
2/22/16,0.2
2/23/16,0
2/24/16,0.05
2/25/16,0
2/26/16,0
2/27/16,0
2/28/16,0
2/29/16,0
3/1/16,0
3/2/16,0
3/3/16,0
3/4/16,0
3/5/16,0.95
3/6/16,0.14
3/7/16,0
3/8/16,0
3/9/16,0
3/10/16,0.24
3/11/16,2.03
3/12/16,2.06
3/13/16,3.01
3/14/16,0.08
3/15/16,0
3/16/16,0
3/17/16,0
3/18/16,0
3/19/16,0
3/20/16,0.25
3/21/16,0.3
3/22/16,0.18
3/23/16,0
3/24/16,0
3/25/16,0
3/26/16,0
3/27/16,0
3/28/16,0
3/29/16,0
3/30/16,0
3/31/16,0
4/1/16,0
4/2/16,0
4/3/16,0
4/4/16,0
4/5/16,0
4/6/16,0
4/7/16,2.61
4/8/16,0.3
4/9/16,0
4/10/16,0
4/11/16,0
4/12/16,0.75
4/13/16,0.85
4/14/16,0
4/15/16,0
4/16/16,0
4/17/16,1.1
4/18/16,0
4/19/16,0
4/20/16,0.25
4/21/16,0
4/22/16,0.73
4/23/16,0
4/24/16,0
4/25/16,0
4/26/16,0
4/27/16,0.05
4/28/16,0
4/29/16,0
4/30/16,0
5/1/16,0
5/2/16,0
5/3/16,0
5/4/16,0
5/5/16,0
5/6/16,0.03
5/7/16,0.16
5/8/16,0.07
5/9/16,0
5/10/16,0
5/11/16,0
5/12/16,0
5/13/16,0
5/14/16,0
5/15/16,0
5/16/16,0
5/17/16,0
5/18/16,0
5/19/16,0
5/20/16,0
5/21/16,0
5/22/16,0
5/23/16,0
5/24/16,0
5/25/16,0
5/26/16,0
5/27/16,0
5/28/16,0
5/29/16,0
5/30/16,0
5/31/16,0
6/1/16,0
6/2/16,0
6/3/16,0
6/4/16,0
6/5/16,0
6/6/16,0
6/7/16,0
6/8/16,0
6/9/16,0
6/10/16,0
6/11/16,0
6/12/16,0
6/13/16,0
6/14/16,0
6/15/16,0
6/16/16,0
6/17/16,0
6/18/16,0
6/19/16,0
6/20/16,0
6/21/16,0
6/22/16,0
6/23/16,0
6/24/16,0
6/25/16,0
6/26/16,0
6/27/16,0
6/28/16,0
6/29/16,0
6/30/16,0
7/1/16,0
7/2/16,0
7/3/16,0
7/4/16,0
7/5/16,0
7/6/16,0
7/7/16,0
7/8/16,0
7/9/16,0
7/10/16,0
7/11/16,0
7/12/16,0
7/13/16,0
7/14/16,0
7/15/16,0
7/16/16,0
7/17/16,0
7/18/16,0
7/19/16,0
7/20/16,0
7/21/16,0
7/22/16,0
7/23/16,0
7/24/16,0
7/25/16,0
7/26/16,0
7/27/16,0
7/28/16,0
7/29/16,0
7/30/16,0
7/31/16,0
8/1/16,0
8/2/16,0
8/3/16,0
8/4/16,0
8/5/16,0
8/6/16,0
8/7/16,0
8/8/16,0
8/9/16,0
8/10/16,0
8/11/16,0
8/12/16,0
8/13/16,0
8/14/16,0
8/15/16,0
8/16/16,0
8/17/16,0
8/18/16,0
8/19/16,0
8/20/16,0
8/21/16,0
8/22/16,0
8/23/16,0
8/24/16,0
8/25/16,0
8/26/16,0
8/27/16,0
8/28/16,0
8/29/16,0
8/30/16,0
8/31/16,0
9/1/16,0
9/2/16,0
9/3/16,0
9/4/16,0
9/5/16,0
9/6/16,0
9/7/16,0
9/8/16,0
9/9/16,0
9/10/16,0
9/11/16,0
9/12/16,0
9/13/16,0.04
9/14/16,0
9/15/16,0
9/16/16,0
9/17/16,0
9/18/16,0
9/19/16,0
9/20/16,0
9/21/16,0
9/22/16,0
9/23/16,0
9/24/16,0
9/25/16,0
9/26/16,0
9/27/16,0
9/28/16,0
9/29/16,0
9/30/16,0
10/1/16,0
10/2/16,0.01
10/3/16,0.01
10/4/16,0
10/5/16,0
10/6/16,0
10/7/16,0
10/8/16,0
10/9/16,0
10/10/16,0
10/11/16,0
10/12/16,0
10/13/16,0
10/14/16,1.31
10/15/16,1.34
10/16/16,2.86
10/17/16,0
10/18/16,0.01
10/19/16,0.01
10/20/16,0
10/21/16,0
10/22/16,0.01
10/23/16,0.01
10/24/16,0.05
10/25/16,0.24
10/26/16,0.01
10/27/16,0.47
10/28/16,0.38
10/29/16,0.12
10/30/16,1.07
10/31/16,0.5
11/1/16,0.11
11/2/16,0
11/3/16,0.01
11/4/16,0.01
11/5/16,0.01
11/6/16,0
11/7/16,0
11/8/16,0
11/9/16,0.01
11/10/16,0.01
11/11/16,0.01
11/12/16,0
11/13/16,0.01
11/14/16,0
11/15/16,0
11/16/16,0
11/17/16,0.01
11/18/16,0
11/19/16,1.88
11/20/16,0.44
11/21/16,0.01
11/22/16,0.02
11/23/16,0.15
11/24/16,0.01
11/25/16,0
11/26/16,1.02
11/27/16,0.42
11/28/16,0.1
11/29/16,0
11/30/16,0.01
12/1/16,0
12/2/16,0
12/3/16,0
12/4/16,0.01
12/5/16,0
12/6/16,0
12/7/16,0.39
12/8/16,1.37
12/9/16,0.24
12/10/16,1.49
12/11/16,0
12/12/16,0
12/13/16,0.09
12/14/16,0.49
12/15/16,4.71
12/16/16,0.02
12/17/16,0
12/18/16,0.01
12/19/16,0.01
12/20/16,0.01
12/21/16,0
12/22/16,0.01
12/23/16,0.78
12/24/16,0.01
12/25/16,0
12/26/16,0.01
12/27/16,0.01
12/28/16,0.01
12/29/16,0
12/30/16,0
12/31/16,0.02
1/1/17,0.02
1/2/17,0.28
1/3/17,4.71
1/4/17,1.67
1/5/17,0.01
1/6/17,0.01
1/7/17,3.04
1/8/17,3.54
1/9/17,0.61
1/10/17,3.51
1/11/17,0.16
1/12/17,0.37
1/13/17,0
1/14/17,0.01
1/15/17,0
1/16/17,0.01
1/17/17,0.01
1/18/17,2.47
1/19/17,0.34
1/20/17,2.24
1/21/17,0.54
1/22/17,3.15
1/23/17,0.36
1/24/17,0.01
1/25/17,0
1/26/17,0
1/27/17,0.01
1/28/17,0.01
1/29/17,0.01
1/30/17,0.01
1/31/17,0.01
2/1/17,0.08
2/2/17,1.33
2/3/17,1.5
2/4/17,0.35
2/5/17,1
2/6/17,1.52
2/7/17,1.73
2/8/17,0.68
2/9/17,2.18
2/10/17,0.07
2/11/17,0
2/12/17,0.01
2/13/17,0
2/14/17,0
2/15/17,0
2/16/17,0.93
2/17/17,2.63
2/18/17,0.24
2/19/17,0.54
2/20/17,4.16
2/21/17,0.87
2/22/17,0.01
2/23/17,0.01
2/24/17,0
2/25/17,0.01
2/26/17,0.03
2/27/17,0.01
2/28/17,0
3/1/17,0
3/2/17,0.01
3/3/17,0
3/4/17,0.01
3/5/17,0.84
3/6/17,0.37
3/7/17,0.24
3/8/17,0
3/9/17,0.01
3/10/17,0
3/11/17,0
3/12/17,0.01
3/13/17,0
3/14/17,0
3/15/17,0
3/16/17,0.01
3/17/17,0
3/18/17,0
3/19/17,0
3/20/17,0
3/21/17,1.47
3/22/17,1.03
3/23/17,0.68
3/24/17,0
3/25/17,1.59
3/26/17,0.01
3/27/17,0.13
3/28/17,0.01
3/29/17,0
3/30/17,0
3/31/17,0
4/1/17,0
4/2/17,0
4/3/17,0
4/4/17,0
4/5/17,0
4/6/17,1.13
4/7/17,2.61
4/8/17,0.37
4/9/17,0
4/10/17,0
4/11/17,0.11
4/12/17,0.81
4/13/17,0.77
4/14/17,0
4/15/17,0
4/16/17,0
4/17/17,1.1
4/18/17,0
4/19/17,0
4/20/17,0.25
4/21/17,0
4/22/17,0
4/23/17,0
4/24/17,0
4/25/17,0
4/26/17,0
4/27/17,0
4/28/17,0
4/29/17,0
4/30/17,0
5/1/17,0
5/2/17,0
5/3/17,0
5/4/17,0
5/5/17,0
5/6/17,0
5/7/17,0.02
5/8/17,0.03
5/9/17,0
5/10/17,0
5/11/17,0
5/12/17,0
5/13/17,0
5/14/17,0
5/15/17,0
5/16/17,0
5/17/17,0
5/18/17,0
5/19/17,0
5/20/17,0
5/21/17,0
5/22/17,0
5/23/17,0
5/24/17,0
5/25/17,0
5/26/17,0
5/27/17,0
5/28/17,0
5/29/17,0
5/30/17,0
5/31/17,0
6/1/17,0
6/2/17,0
6/3/17,0
6/4/17,0
6/5/17,0
6/6/17,0
6/7/17,0
6/8/17,0
6/9/17,0
6/10/17,0
6/11/17,0
6/12/17,0
6/13/17,0
6/14/17,0
6/15/17,0
6/16/17,0
6/17/17,0
6/18/17,0
6/19/17,0
6/20/17,0
6/21/17,0
6/22/17,0
6/23/17,0
6/24/17,0
6/25/17,0
6/26/17,0
6/27/17,0
6/28/17,0
6/29/17,0
6/30/17,0
7/1/17,0
7/2/17,0
7/3/17,0
7/4/17,0
7/5/17,0
7/6/17,0
7/7/17,0
7/8/17,0
7/9/17,0
7/10/17,0
7/11/17,0
7/12/17,0
7/13/17,0
7/14/17,0
7/15/17,0
7/16/17,0
7/17/17,0
7/18/17,0
7/19/17,0
7/20/17,0
7/21/17,0
7/22/17,0
7/23/17,0
7/24/17,0
7/25/17,0
7/26/17,0
7/27/17,0
7/28/17,0
7/29/17,0
7/30/17,0
7/31/17,0
8/1/17,0
8/2/17,0
8/3/17,0
8/4/17,0
8/5/17,0
8/6/17,0
8/7/17,0
8/8/17,0
8/9/17,0
8/10/17,0
8/11/17,0
8/12/17,0
8/13/17,0
8/14/17,0
8/15/17,0
8/16/17,0
8/17/17,0
8/18/17,0
8/19/17,0
8/20/17,0
8/21/17,0
8/22/17,0
8/23/17,0
8/24/17,0
8/25/17,0
8/26/17,0
8/27/17,0
8/28/17,0
8/29/17,0
8/30/17,0
8/31/17,0
9/1/17,0
9/2/17,0
9/3/17,0
9/4/17,0.01
9/5/17,0
9/6/17,0
9/7/17,0
9/8/17,0
9/9/17,0
9/10/17,0
9/11/17,0
9/12/17,0
9/13/17,0
9/14/17,0
9/15/17,0
9/16/17,0
9/17/17,0
9/18/17,0
9/19/17,0
9/20/17,0
9/21/17,0
9/22/17,0
9/23/17,0
9/24/17,0
9/25/17,0
9/26/17,0
9/27/17,0
9/28/17,0
9/29/17,0
9/30/17,0
10/1/17,0
10/2/17,0
10/3/17,0
10/4/17,0
10/5/17,0
10/6/17,0
10/7/17,0
10/8/17,0
10/9/17,0
10/10/17,0
10/11/17,0
10/12/17,0
10/13/17,0
10/14/17,0
10/15/17,0
10/16/17,0
10/17/17,0
10/18/17,0
10/19/17,0.05
10/20/17,0.16
10/21/17,0
10/22/17,0
10/23/17,0
10/24/17,0
10/25/17,0
10/26/17,0
10/27/17,0
10/28/17,0
10/29/17,0
10/30/17,0
10/31/17,0
11/1/17,0
11/2/17,0
11/3/17,0.15
11/4/17,0.03
11/5/17,0
11/6/17,0.01
11/7/17,0
11/8/17,0.58
11/9/17,0.79
11/10/17,0.06
11/11/17,0
11/12/17,0
11/13/17,0.08
11/14/17,0
11/15/17,0.12
11/16/17,2.46
11/17/17,0.02
11/18/17,0.01
11/19/17,0.01
11/20/17,0
11/21/17,0
11/22/17,0.01
11/23/17,0
11/24/17,0
11/25/17,0.01
11/26/17,0.76
11/27/17,0.45
11/28/17,0.01
11/29/17,0
11/30/17,0.01
12/1/17,0.01
12/2/17,0
12/3/17,0.03
12/4/17,0
12/5/17,0
12/6/17,0
12/7/17,0.01
12/8/17,0
12/9/17,0.01
12/10/17,0.01
12/11/17,0
12/12/17,0.01
12/13/17,0
12/14/17,0.01
12/15/17,0
12/16/17,0.01
12/17/17,0
12/18/17,0
12/19/17,0
12/20/17,0.14
12/21/17,0.01
12/22/17,0.01
12/23/17,0
12/24/17,0
12/25/17,0
12/26/17,0
12/27/17,0.01
12/28/17,0
12/29/17,0.01
12/30/17,0.01
12/31/17,0
1/1/18,0
1/2/18,0
1/3/18,0.4
1/4/18,0.2
1/5/18,0.38
1/6/18,0.1
1/7/18,0.01
1/8/18,3.66
1/9/18,0.61
1/10/18,0.01
1/11/18,0
1/12/18,0
1/13/18,0
1/14/18,0.01
1/15/18,0.01
1/16/18,0
1/17/18,0
1/18/18,0.16
1/19/18,0.01
1/20/18,0.01
1/21/18,0
1/22/18,0.57
1/23/18,0
1/24/18,0.59
1/25/18,0.06
1/26/18,0
1/27/18,0
1/28/18,0.01
1/29/18,0.01
1/30/18,0
1/31/18,0
2/1/18,0.01
2/2/18,0
2/3/18,0
2/4/18,0
2/5/18,0.01
2/6/18,0
2/7/18,0
2/8/18,0
2/9/18,0
2/10/18,0
2/11/18,0
2/12/18,0
2/13/18,0
2/14/18,0
2/15/18,0
2/16/18,0
2/17/18,0
2/18/18,0.01
2/19/18,0.01
2/20/18,0
2/21/18,0.03
2/22/18,0.06
2/23/18,0
2/24/18,0
2/25/18,0
2/26/18,0.3
2/27/18,0
2/28/18,0.43
3/1/18,2.44
3/2/18,0.55
3/3/18,0.19
3/4/18,0.01
3/5/18,0.01
3/6/18,0
3/7/18,0
3/8/18,0.04
3/9/18,0
3/10/18,0
3/11/18,0
3/12/18,0.56
3/13/18,0.9
3/14/18,0.3
3/15/18,0.67
3/16/18,0.27
3/17/18,0.13
3/18/18,0
3/19/18,0
3/20/18,0.33
3/21/18,0
3/22/18,0.33
3/23/18,0.04
3/24/18,0.01
3/25/18,0
3/26/18,0
3/27/18,0
3/28/18,0
3/29/18,0
3/30/18,0
3/31/18,0
4/1/18,0
4/2/18,0
4/3/18,0
4/4/18,0
4/5/18,0.3
4/6/18,1.26
4/7/18,0.86
4/8/18,0
4/9/18,0
4/10/18,0
4/11/18,0.25
4/12/18,0.08
4/13/18,0
4/14/18,0
4/15/18,0.08
4/16/18,0.25
4/17/18,0
4/18/18,0
4/19/18,0
4/20/18,0
4/21/18,0
4/22/18,0
4/23/18,0
4/24/18,0
4/25/18,0
4/26/18,0
4/27/18,0
4/28/18,0
4/29/18,0.01
4/30/18,0
5/1/18,0
5/2/18,0
5/3/18,0
5/4/18,0
5/5/18,0
5/6/18,0
5/7/18,0
5/8/18,0
5/9/18,0
5/10/18,0
5/11/18,0
5/12/18,0
5/13/18,0
5/14/18,0
5/15/18,0
5/16/18,0
5/17/18,0
5/18/18,0
5/19/18,0
5/20/18,0
5/21/18,0
5/22/18,0
5/23/18,0
5/24/18,0
5/25/18,0.04
5/26/18,0
5/27/18,0
5/28/18,0
5/29/18,0
5/30/18,0
5/31/18,0
6/1/18,0
6/2/18,0
6/3/18,0
6/4/18,0
6/5/18,0
6/6/18,0
6/7/18,0
6/8/18,0
6/9/18,0
6/10/18,0
6/11/18,0
6/12/18,0
6/13/18,0
6/14/18,0
6/15/18,0
6/16/18,0
6/17/18,0
6/18/18,0
6/19/18,0
6/20/18,0
6/21/18,0
6/22/18,0
6/23/18,0
6/24/18,0
6/25/18,0
6/26/18,0
6/27/18,0
6/28/18,0
6/29/18,0
6/30/18,0
7/1/18,0
7/2/18,0
7/3/18,0
7/4/18,0
7/5/18,0
7/6/18,0
7/7/18,0
7/8/18,0
7/9/18,0
7/10/18,0
7/11/18,0
7/12/18,0
7/13/18,0
7/14/18,0
7/15/18,0
7/16/18,0
7/17/18,0
7/18/18,0
7/19/18,0
7/20/18,0
7/21/18,0
7/22/18,0
7/23/18,0
7/24/18,0
7/25/18,0
7/26/18,0
7/27/18,0
7/28/18,0
7/29/18,0
7/30/18,0
7/31/18,0
8/1/18,0
8/2/18,0
8/3/18,0
8/4/18,0
8/5/18,0
8/6/18,0
8/7/18,0
8/8/18,0
8/9/18,0
8/10/18,0
8/11/18,0
8/12/18,0
8/13/18,0
8/14/18,0
8/15/18,0
8/16/18,0
8/17/18,0
8/18/18,0
8/19/18,0
8/20/18,0
8/21/18,0
8/22/18,0
8/23/18,0
8/24/18,0
8/25/18,0
8/26/18,0
8/27/18,0
8/28/18,0
8/29/18,0
8/30/18,0
8/31/18,0
9/1/18,0
9/2/18,0
9/3/18,0
9/4/18,0
9/5/18,0
9/6/18,0
9/7/18,0
9/8/18,0
9/9/18,0
9/10/18,0
9/11/18,0
9/12/18,0
9/13/18,0
9/14/18,0
9/15/18,0
9/16/18,0
9/17/18,0
9/18/18,0
9/19/18,0
9/20/18,0
9/21/18,0
9/22/18,0
9/23/18,0
9/24/18,0
9/25/18,0
9/26/18,0
9/27/18,0
9/28/18,0
9/29/18,0
9/30/18,0
10/1/18,0
10/2/18,0
10/3/18,0
10/4/18,0.01
10/5/18,0
10/6/18,0
10/7/18,0
10/8/18,0
10/9/18,0
10/10/18,0
10/11/18,0
10/12/18,0
10/13/18,0
10/14/18,0
10/15/18,0
10/16/18,0
10/17/18,0
10/18/18,0
10/19/18,0
10/20/18,0
10/21/18,0
10/22/18,0
10/23/18,0
10/24/18,0
10/25/18,0
10/26/18,0
10/27/18,0
10/28/18,0
10/29/18,0
10/30/18,0
10/31/18,0
11/1/18,0
11/2/18,0
11/3/18,0
11/4/18,0
11/5/18,0
11/6/18,0
11/7/18,0
11/8/18,0
11/9/18,0
11/10/18,0
11/11/18,0
11/12/18,0
11/13/18,0
11/14/18,0
11/15/18,0
11/16/18,0
11/17/18,0
11/18/18,0
11/19/18,0
11/20/18,0
11/21/18,1.72
11/22/18,0.99
11/23/18,0.82
11/24/18,0.04
11/25/18,0
11/26/18,0
11/27/18,0.26
11/28/18,1.72
11/29/18,1.33
11/30/18,0
12/1/18,0.18
12/2/18,0.01
12/3/18,0
12/4/18,0.24
12/5/18,0.26
12/6/18,0
12/7/18,0.01
12/8/18,0
12/9/18,0.01
12/10/18,0
12/11/18,0.01
12/12/18,0
12/13/18,0.01
12/14/18,0
12/15/18,0.01
12/16/18,1.77
12/17/18,0.2
12/18/18,0
12/19/18,0
12/20/18,0
12/21/18,0.01
12/22/18,0.01
12/23/18,0
12/24/18,0.55
12/25/18,0.08
12/26/18,0.01
12/27/18,0
12/28/18,0
12/29/18,0
12/30/18,0
12/31/18,0
1/1/19,0
1/2/19,0
1/3/19,0
1/4/19,0
1/5/19,1.39
1/6/19,4.51
1/7/19,0
1/8/19,0.23
1/9/19,0.62
1/10/19,0
1/11/19,0.47
1/12/19,0.01
1/13/19,0
1/14/19,0.15
1/15/19,2.44
1/16/19,2.41
1/17/19,0.48
1/18/19,0
1/19/19,0
1/20/19,0.47
1/21/19,0.02
1/22/19,0.01
1/23/19,0
1/24/19,0.01
1/25/19,0.01
1/26/19,0.01
1/27/19,0
1/28/19,0
1/29/19,0
1/30/19,0.23
1/31/19,0.45
2/1/19,0.78
2/2/19,2.94
2/3/19,1.15
2/4/19,1.76
2/5/19,0.33
2/6/19,0.01
2/7/19,0.01
2/8/19,0.74
2/9/19,0.58
2/10/19,0.38
2/11/19,0.02
2/12/19,0.26
2/13/19,3.6
2/14/19,1.48
2/15/19,0.65
2/16/19,0.49
2/17/19,0.17
2/18/19,0
2/19/19,0.01
2/20/19,0.01
2/21/19,0
2/22/19,0
2/23/19,0
2/24/19,0
2/25/19,0.01
2/26/19,1.84
2/27/19,1.97
2/28/19,0.02
3/1/19,0.06
3/2/19,1.24
3/3/19,0.09
3/4/19,0.01
3/5/19,0.51
3/6/19,2.21
3/7/19,0.07
3/8/19,0.06
3/9/19,0.69
3/10/19,0.35
3/11/19,0
3/12/19,0.01
3/13/19,0
3/14/19,0
3/15/19,0
3/16/19,0.01
3/17/19,0
3/18/19,0
3/19/19,0.02
3/20/19,0.96
3/21/19,0.01
3/22/19,0.09
3/23/19,0.34
3/24/19,0
3/25/19,0.68
3/26/19,0.12
3/27/19,0.64
3/28/19,0.11
3/29/19,0.01
3/30/19,0
3/31/19,0
4/1/19,0.03
4/2/19,0.33
4/3/19,0
4/4/19,0
4/5/19,0.33
4/6/19,0.03
4/7/19,0
4/8/19,0
4/9/19,0
4/10/19,0
4/11/19,0
4/12/19,0
4/13/19,0
4/14/19,0
4/15/19,0
4/16/19,0.01
4/17/19,0
4/18/19,0
4/19/19,0
4/20/19,0
4/21/19,0
4/22/19,0
4/23/19,0
4/24/19,0
4/25/19,0
4/26/19,0
4/27/19,0
4/28/19,0
4/29/19,0
4/30/19,0
5/1/19,0
5/2/19,0
5/3/19,0
5/4/19,0
5/5/19,0
5/6/19,0.01
5/7/19,0
5/8/19,0
5/9/19,0
5/10/19,0
5/11/19,0
5/12/19,0
5/13/19,0
5/14/19,0
5/15/19,1.8
5/16/19,0.38
5/17/19,0.01
5/18/19,1.03
5/19/19,0.59
5/20/19,0
5/21/19,0.29
5/22/19,0.06
5/23/19,0
5/24/19,0
5/25/19,0
5/26/19,0.12
5/27/19,0
5/28/19,0
5/29/19,0
5/30/19,0
5/31/19,0
6/1/19,0.01
6/2/19,0.02
6/3/19,0
6/4/19,0
6/5/19,0
6/6/19,0
6/7/19,0
6/8/19,0
6/9/19,0
6/10/19,0
6/11/19,0
6/12/19,0
6/13/19,0
6/14/19,0
6/15/19,0
6/16/19,0
6/17/19,0.01
6/18/19,0.01
6/19/19,0.01
6/20/19,0.02
6/21/19,0
6/22/19,0.01
6/23/19,0
6/24/19,0.01
6/25/19,0
6/26/19,0
6/27/19,0
6/28/19,0
6/29/19,0
6/30/19,0
7/1/19,0
7/2/19,0
7/3/19,0
7/4/19,0
7/5/19,0
7/6/19,0
7/7/19,0
7/8/19,0
7/9/19,0
7/10/19,0.01
7/11/19,0
7/12/19,0
7/13/19,0
7/14/19,0
7/15/19,0
7/16/19,0
7/17/19,0
7/18/19,0
7/19/19,0.02
7/20/19,0.01
7/21/19,0
7/22/19,0
7/23/19,0
7/24/19,0
7/25/19,0
7/26/19,0
7/27/19,0
7/28/19,0
7/29/19,0
7/30/19,0
7/31/19,0.01
8/1/19,0
8/2/19,0.01
8/3/19,0
8/4/19,0
8/5/19,0
8/6/19,0
8/7/19,0
8/8/19,0
8/9/19,0
8/10/19,0
8/11/19,0
8/12/19,0
8/13/19,0
8/14/19,0
8/15/19,0
8/16/19,0
8/17/19,0.02
8/18/19,0.04
8/19/19,0.02
8/20/19,0
8/21/19,0.01
8/22/19,0
8/23/19,0.01
8/24/19,0
8/25/19,0
8/26/19,0
8/27/19,0
8/28/19,0
8/29/19,0
8/30/19,0
8/31/19,0
9/1/19,0
9/2/19,0
9/3/19,0
9/4/19,0
9/5/19,0
9/6/19,0
9/7/19,0
9/8/19,0
9/9/19,0
9/10/19,0
9/11/19,0
9/12/19,0
9/13/19,0
9/14/19,0
9/15/19,0
9/16/19,0.07
9/17/19,0
9/18/19,0
9/19/19,0
9/20/19,0.01
9/21/19,0
9/22/19,0
9/23/19,0
9/24/19,0
9/25/19,0
9/26/19,0
9/27/19,0
9/28/19,0
9/29/19,0
9/30/19,0.01
10/1/19,0
10/2/19,0
10/3/19,0
10/4/19,0
10/5/19,0
10/6/19,0
10/7/19,0
10/8/19,0
10/9/19,0
10/10/19,0
10/11/19,0
10/12/19,0
10/13/19,0
10/14/19,0
10/15/19,0
10/16/19,0
10/17/19,0
10/18/19,0
10/19/19,0
10/20/19,0.01
10/21/19,0
10/22/19,0
10/23/19,0
10/24/19,0
10/25/19,0
10/26/19,0
10/27/19,0
10/28/19,0
10/29/19,0
10/30/19,0
10/31/19,0
11/1/19,0
11/2/19,0
11/3/19,0
11/4/19,0
11/5/19,0
11/6/19,0
11/7/19,0
11/8/19,0
11/9/19,0
11/10/19,0
11/11/19,0
11/12/19,0
11/13/19,0
11/14/19,0
11/15/19,0.01
11/16/19,0
11/17/19,0
11/18/19,0
11/19/19,0
11/20/19,0.01
11/21/19,0
11/22/19,0.01
11/23/19,0
11/24/19,0.01
11/25/19,0
11/26/19,1.3
11/27/19,0.29
11/28/19,0.02
11/29/19,0
11/30/19,1
12/1/19,3.3
12/2/19,2.29
12/3/19,0.04
12/4/19,0.8
12/5/19,0.01
12/6/19,1.41
12/7/19,2.23
12/8/19,0.49
12/9/19,0
12/10/19,0.12
12/11/19,0.18
12/12/19,0.04
12/13/19,0.02
12/14/19,0.08
12/15/19,0.01
12/16/19,0
12/17/19,0.01
12/18/19,1.22
12/19/19,0
12/20/19,0.01
12/21/19,0
12/22/19,1.53
12/23/19,0
12/24/19,0.03
12/25/19,0.23
12/26/19,0.02
12/27/19,0
12/28/19,0.01
12/29/19,0.26
12/30/19,0.01
12/31/19,0.01
1/1/20,0
1/2/20,0
1/3/20,0
1/4/20,0.01
1/5/20,0.01
1/6/20,0
1/7/20,0
1/8/20,0.02
1/9/20,0.17
1/10/20,0.01
1/11/20,0.03
1/12/20,0.01
1/13/20,0.03
1/14/20,0.07
1/15/20,0.01
1/16/20,1.33
1/17/20,0.02
1/18/20,0
1/19/20,0
1/20/20,0
1/21/20,0.22
1/22/20,0.12
1/23/20,0
1/24/20,0
1/25/20,0.01
1/26/20,0.06
1/27/20,0
1/28/20,0.01
1/29/20,0.01
1/30/20,0
1/31/20,0
2/1/20,0
2/2/20,0
2/3/20,0
2/4/20,0
2/5/20,0
2/6/20,0
2/7/20,0
2/8/20,0
2/9/20,0
2/10/20,0
2/11/20,0
2/12/20,0
2/13/20,0.01
2/14/20,0
2/15/20,0
2/16/20,0
2/17/20,0
2/18/20,0
2/19/20,0
2/20/20,0
2/21/20,0
2/22/20,0
2/23/20,0
2/24/20,0.01
2/25/20,0
2/26/20,0
2/27/20,0
2/28/20,0
2/29/20,0
3/1/20,0
3/2/20,0
3/3/20,0
3/4/20,0
3/5/20,0
3/6/20,0
3/7/20,0.1
3/8/20,0.01
3/9/20,0
3/10/20,0
3/11/20,0.01
3/12/20,0
3/13/20,0
3/14/20,1.52
3/15/20,0.28
3/16/20,0.2
3/17/20,0.05
3/18/20,0.01
3/19/20,0.01
3/20/20,0
3/21/20,0.03
3/22/20,0.01
3/23/20,0
3/24/20,0.15
3/25/20,0.04
3/26/20,0.1
3/27/20,0
3/28/20,0.02
3/29/20,0.03
3/30/20,0
3/31/20,0
4/1/20,0
4/2/20,0
4/3/20,0
4/4/20,0
4/5/20,0
4/6/20,0
4/7/20,0
4/8/20,0
4/9/20,0
4/10/20,0
4/11/20,0
4/12/20,0
4/13/20,0
4/14/20,0
4/15/20,0
4/16/20,0
4/17/20,0
4/18/20,0
4/19/20,0
4/20/20,0
4/21/20,0
4/22/20,0
4/23/20,0
4/24/20,0
4/25/20,0
4/26/20,0
4/27/20,0
4/28/20,0
4/29/20,0
4/30/20,0
5/1/20,0
5/2/20,0
5/3/20,0
5/4/20,0
5/5/20,0
5/6/20,0
5/7/20,0
5/8/20,0
5/9/20,0
5/10/20,0
5/11/20,0
5/12/20,0
5/13/20,0
5/14/20,0
5/15/20,0
5/16/20,0
5/17/20,0
5/18/20,0
5/19/20,0
5/20/20,0
5/21/20,0
5/22/20,0
5/23/20,0
5/24/20,0
5/25/20,0
5/26/20,0
5/27/20,0
5/28/20,0
5/29/20,0
5/30/20,0
5/31/20,0
6/1/20,0
6/2/20,0
6/3/20,0
6/4/20,0
6/5/20,0
6/6/20,0
6/7/20,0
6/8/20,0
6/9/20,0
6/10/20,0
6/11/20,0
6/12/20,0
6/13/20,0
6/14/20,0
6/15/20,0
6/16/20,0
6/17/20,0
6/18/20,0
6/19/20,0
6/20/20,0
6/21/20,0
6/22/20,0
6/23/20,0
6/24/20,0
6/25/20,0
6/26/20,0
6/27/20,0
6/28/20,0
6/29/20,0
6/30/20,0
7/1/20,0
7/2/20,0
7/3/20,0
7/4/20,0
7/5/20,0
7/6/20,0
7/7/20,0
7/8/20,0
7/9/20,0
7/10/20,0
7/11/20,0
7/12/20,0
7/13/20,0
7/14/20,0
7/15/20,0
7/16/20,0
7/17/20,0
7/18/20,0
7/19/20,0
7/20/20,0
7/21/20,0
7/22/20,0
7/23/20,0
7/24/20,0
7/25/20,0
7/26/20,0
7/27/20,0
7/28/20,0
7/29/20,0
7/30/20,0
7/31/20,0
8/1/20,0
8/2/20,0
8/3/20,0
8/4/20,0
8/5/20,0
8/6/20,0
8/7/20,0
8/8/20,0
8/9/20,0
8/10/20,0
8/11/20,0
8/12/20,0
8/13/20,0
8/14/20,0
8/15/20,0
8/16/20,0
8/17/20,0
8/18/20,0
8/19/20,0
8/20/20,0
8/21/20,0
8/22/20,0
8/23/20,0
8/24/20,0
8/25/20,0
8/26/20,0
8/27/20,0
8/28/20,0
8/29/20,0
8/30/20,0
8/31/20,0
9/1/20,0
9/2/20,0
9/3/20,0
9/4/20,0
9/5/20,0
9/6/20,0
9/7/20,0
9/8/20,0
9/9/20,0
9/10/20,0
9/11/20,0
9/12/20,0
9/13/20,0
9/14/20,0
9/15/20,0
9/16/20,0
9/17/20,0
9/18/20,0
9/19/20,0
9/20/20,0
9/21/20,0
9/22/20,0
9/23/20,0
9/24/20,0
9/25/20,0
9/26/20,0
9/27/20,0
9/28/20,0
9/29/20,0
9/30/20,0
10/1/20,0
10/2/20,0
10/3/20,0
10/4/20,0
10/5/20,0
10/6/20,0
10/7/20,0
10/8/20,0
10/9/20,0
10/10/20,0
10/11/20,0
10/12/20,0
10/13/20,0
10/14/20,0
10/15/20,0
10/16/20,0
10/17/20,0
10/18/20,0
10/19/20,0
10/20/20,0
10/21/20,0
10/22/20,0
10/23/20,0
10/24/20,0
10/25/20,0
10/26/20,0
10/27/20,0
10/28/20,0
10/29/20,0
10/30/20,0
10/31/20,0
11/1/20,0
11/2/20,0
11/3/20,0
11/4/20,0
11/5/20,0
11/6/20,0.07
11/7/20,0.03
11/8/20,0
11/9/20,0
11/10/20,0
11/11/20,0
11/12/20,0
11/13/20,0.22
11/14/20,0.01
11/15/20,0.01
11/16/20,0.01
11/17/20,0.79
11/18/20,0.5
11/19/20,0
11/20/20,0.01
11/21/20,0.01
11/22/20,0
11/23/20,0
11/24/20,0.01
11/25/20,0
11/26/20,0.01
11/27/20,0
11/28/20,0
11/29/20,0.01
11/30/20,0
12/1/20,0
12/2/20,0
12/3/20,0.01
12/4/20,0
12/5/20,0
12/6/20,0
12/7/20,0
12/8/20,0
12/9/20,0
12/10/20,0
12/11/20,0.41
12/12/20,0.15
12/13/20,0.74
12/14/20,0.02
12/15/20,0
12/16/20,0.02
12/17/20,0.44
12/18/20,0
12/19/20,0.01
12/20/20,0.01
12/21/20,0.01
12/22/20,0.01
12/23/20,0
12/24/20,0
12/25/20,0.47
12/26/20,0.03
12/27/20,0.01
12/28/20,0.11
12/29/20,0
12/30/20,0.07
12/31/20,0.13
1/1/21,0
1/2/21,0.24
1/3/21,0
1/4/21,0.64
1/5/21,0
1/6/21,0
1/7/21,0.01
1/8/21,0
1/9/21,0.01
1/10/21,0
1/11/21,0.01
1/12/21,0
1/13/21,0.01
1/14/21,0
1/15/21,0.01
1/16/21,0
1/17/21,0
1/18/21,0
1/19/21,0
1/20/21,0
1/21/21,0
1/22/21,0.28
1/23/21,0.01
1/24/21,0.24
1/25/21,0
1/26/21,1.84
1/27/21,2.5
1/28/21,2.16
1/29/21,0.11
1/30/21,0
1/31/21,0
2/1/21,0.2
2/2/21,0.72
2/3/21,0.01
2/4/21,0
2/5/21,0
2/6/21,0.01
2/7/21,0
2/8/21,0.01
2/9/21,0
2/10/21,0.01
2/11/21,0.48
2/12/21,0.01
2/13/21,0.07
2/14/21,0.03
2/15/21,0.08
2/16/21,0
2/17/21,0
2/18/21,0
2/19/21,0.02
2/20/21,0.02
2/21/21,0
2/22/21,0
2/23/21,0
2/24/21,0
2/25/21,0
2/26/21,0
2/27/21,0
2/28/21,0
3/1/21,0
3/2/21,0
3/3/21,0
3/4/21,0
3/5/21,0.12
3/6/21,0
3/7/21,0
3/8/21,0
3/9/21,0.68
3/10/21,0.32
3/11/21,0.49
3/12/21,0
3/13/21,0
3/14/21,0.45
3/15/21,0.16
3/16/21,0.01
3/17/21,0
3/18/21,0.74
3/19/21,0
3/20/21,0.01
3/21/21,0
3/22/21,0
3/23/21,0
3/24/21,0
3/25/21,0
3/26/21,0
3/27/21,0
3/28/21,0
3/29/21,0
3/30/21,0
3/31/21,0
4/1/21,0
4/2/21,0
4/3/21,0
4/4/21,0
4/5/21,0
4/6/21,0
4/7/21,0
4/8/21,0
4/9/21,0
4/10/21,0
4/11/21,0
4/12/21,0
4/13/21,0
4/14/21,0
4/15/21,0
4/16/21,0
4/17/21,0
4/18/21,0
4/19/21,0
4/20/21,0
4/21/21,0
4/22/21,0
4/23/21,0
4/24/21,0
4/25/21,0.04
4/26/21,0.01
4/27/21,0
4/28/21,0
4/29/21,0
4/30/21,0
5/1/21,0
5/2/21,0
5/3/21,0
5/4/21,0
5/5/21,0
5/6/21,0
5/7/21,0
5/8/21,0
5/9/21,0
5/10/21,0
5/11/21,0
5/12/21,0
5/13/21,0
5/14/21,0
5/15/21,0
5/16/21,0
5/17/21,0
5/18/21,0
5/19/21,0
5/20/21,0
5/21/21,0
5/22/21,0
5/23/21,0
5/24/21,0
5/25/21,0
5/26/21,0
5/27/21,0
5/28/21,0
5/29/21,0
5/30/21,0
5/31/21,0
6/1/21,0
6/2/21,0
6/3/21,0
6/4/21,0
6/5/21,0
6/6/21,0
6/7/21,0
6/8/21,0
6/9/21,0
6/10/21,0
6/11/21,0
6/12/21,0
6/13/21,0
6/14/21,0
6/15/21,0
6/16/21,0
6/17/21,0
6/18/21,0
6/19/21,0
6/20/21,0
6/21/21,0
6/22/21,0.03
6/23/21,0
6/24/21,0
6/25/21,0
6/26/21,0
6/27/21,0
6/28/21,0
6/29/21,0
6/30/21,0
7/1/21,0
7/2/21,0
7/3/21,0
7/4/21,0
7/5/21,0
7/6/21,0
7/7/21,0
7/8/21,0
7/9/21,0
7/10/21,0
7/11/21,0
7/12/21,0
7/13/21,0
7/14/21,0
7/15/21,0
7/16/21,0
7/17/21,0
7/18/21,0
7/19/21,0
7/20/21,0
7/21/21,0
7/22/21,0
7/23/21,0
7/24/21,0
7/25/21,0
7/26/21,0
7/27/21,0
7/28/21,0
7/29/21,0
7/30/21,0
7/31/21,0
8/1/21,0
8/2/21,0
8/3/21,0
8/4/21,0
8/5/21,0
8/6/21,0
8/7/21,0
8/8/21,0
8/9/21,0
8/10/21,0
8/11/21,0
8/12/21,0
8/13/21,0
8/14/21,0
8/15/21,0
8/16/21,0
8/17/21,0
8/18/21,0
8/19/21,0
8/20/21,0
8/21/21,0
8/22/21,0
8/23/21,0
8/24/21,0
8/25/21,0
8/26/21,0
8/27/21,0
8/28/21,0
8/29/21,0
8/30/21,0
8/31/21,0
9/1/21,0
9/2/21,0
9/3/21,0
9/4/21,0
9/5/21,0
9/6/21,0
9/7/21,0
9/8/21,0
9/9/21,0
9/10/21,0
9/11/21,0
9/12/21,0
9/13/21,0
9/14/21,0
9/15/21,0
9/16/21,0
9/17/21,0
9/18/21,0
9/19/21,0
9/20/21,0
9/21/21,0
9/22/21,0
9/23/21,0
9/24/21,0
9/25/21,0
9/26/21,0
9/27/21,0
9/28/21,0
9/29/21,0
9/30/21,0
10/1/21,0
10/2/21,0
10/3/21,0
10/4/21,0
10/5/21,0
10/6/21,0
10/7/21,0
10/8/21,0
10/9/21,0
10/10/21,0
10/11/21,0
10/12/21,0
10/13/21,0
10/14/21,0
10/15/21,0
10/16/21,0
10/17/21,0
10/18/21,0
10/19/21,0
10/20/21,0
10/21/21,0.24
10/22/21,0.45
10/23/21,0.11
10/24/21,5.69
10/25/21,1
10/26/21,0
10/27/21,0
10/28/21,0.01
10/29/21,0.01
10/30/21,0
10/31/21,0
11/1/21,0.58
11/2/21,0.03
11/3/21,0
11/4/21,0.08
11/5/21,0.01
11/6/21,0
11/7/21,0
11/8/21,0.32
11/9/21,0.94
11/10/21,0
11/11/21,0.01
11/12/21,0.01
11/13/21,0.01
11/14/21,0.01
11/15/21,0
11/16/21,0.01
11/17/21,0.01
11/18/21,0
11/19/21,0.01
11/20/21,0
11/21/21,0.01
11/22/21,0
11/23/21,0.01
11/24/21,0.01
11/25/21,0
11/26/21,0
11/27/21,0
11/28/21,0.01
11/29/21,0.01
11/30/21,0
12/1/21,0.01
12/2/21,0.01
12/3/21,0
12/4/21,0
12/5/21,0
12/6/21,0.01
12/7/21,0.1
12/8/21,0
12/9/21,0.08
12/10/21,0.01
12/11/21,0.01
12/12/21,1.48
12/13/21,6.86
12/14/21,0.31
12/15/21,1.34
12/16/21,0.92
12/17/21,0.01
12/18/21,0.01
12/19/21,0
12/20/21,0
12/21/21,0.42
12/22/21,1.09
12/23/21,1.45
12/24/21,0.83
12/25/21,0.9
12/26/21,0.22
12/27/21,0.63
12/28/21,0.04
12/29/21,0.63
12/30/21,0
12/31/21,0.01
1/1/22,0
1/2/22,0.01
1/3/22,0.51
1/4/22,0.14
1/5/22,0
1/6/22,0
1/7/22,0.04
1/8/22,0
1/9/22,0
1/10/22,0.01
1/11/22,0.01
1/12/22,0.01
1/13/22,0
1/14/22,0.01
1/15/22,0
1/16/22,0.01
1/17/22,0.01
1/18/22,0
1/19/22,0
1/20/22,0.01
1/21/22,0.01
1/22/22,0
1/23/22,0
1/24/22,0.01
1/25/22,0
1/26/22,0.01
1/27/22,0
1/28/22,0
1/29/22,0
1/30/22,0
1/31/22,0.01
2/1/22,0.01
2/2/22,0
2/3/22,0
2/4/22,0
2/5/22,0
2/6/22,0
2/7/22,0
2/8/22,0
2/9/22,0
2/10/22,0
2/11/22,0
2/12/22,0
2/13/22,0
2/14/22,0
2/15/22,0
2/16/22,0
2/17/22,0
2/18/22,0
2/19/22,0
2/20/22,0
2/21/22,0.02
2/22/22,0.08
2/23/22,0
2/24/22,0
2/25/22,0
2/26/22,0
2/27/22,0
2/28/22,0
3/1/22,0
3/2/22,0
3/3/22,0.07
3/4/22,0.08
3/5/22,0.09
3/6/22,0
3/7/22,0
3/8/22,0
3/9/22,0
3/10/22,0
3/11/22,0
3/12/22,0
3/13/22,0.02
3/14/22,0
3/15/22,0.01
3/16/22,0
3/17/22,0
3/18/22,0
3/19/22,0.09
3/20/22,0
3/21/22,0
3/22/22,0
3/23/22,0
3/24/22,0
3/25/22,0
3/26/22,0
3/27/22,1.04
3/28/22,0.71
3/29/22,0
3/30/22,0
3/31/22,0
4/1/22,0
4/2/22,0
4/3/22,0
4/4/22,0
4/5/22,0
4/6/22,0
4/7/22,0
4/8/22,0
4/9/22,0
4/10/22,0
4/11/22,0.36
4/12/22,0
4/13/22,0
4/14/22,0.08
4/15/22,0.02
4/16/22,1.44
4/17/22,0
4/18/22,0
4/19/22,0.15
4/20/22,0.21
4/21/22,0.65
4/22/22,0.13
4/23/22,0
4/24/22,0
4/25/22,0
4/26/22,0
4/27/22,0
4/28/22,0
4/29/22,0
4/30/22,0
5/1/22,0
5/2/22,0
5/3/22,0
5/4/22,0
5/5/22,0
5/6/22,0
5/7/22,0
5/8/22,0
5/9/22,0
5/10/22,0
5/11/22,0
5/12/22,0
5/13/22,0
5/14/22,0
5/15/22,0
5/16/22,0
5/17/22,0
5/18/22,0
5/19/22,0
5/20/22,0
5/21/22,0
5/22/22,0
5/23/22,0
5/24/22,0
5/25/22,0
5/26/22,0
5/27/22,0
5/28/22,0
5/29/22,0
5/30/22,0
5/31/22,0
6/1/22,0
6/2/22,0
6/3/22,0
6/4/22,0
6/5/22,0.03
6/6/22,0
6/7/22,0
6/8/22,0
6/9/22,0
6/10/22,0
6/11/22,0
6/12/22,0
6/13/22,0
6/14/22,0
6/15/22,0
6/16/22,0
6/17/22,0
6/18/22,0
6/19/22,0
6/20/22,0
6/21/22,0
6/22/22,0
6/23/22,0
6/24/22,0
6/25/22,0
6/26/22,0
6/27/22,0
6/28/22,0
6/29/22,0
6/30/22,0
7/1/22,0
7/2/22,0
7/3/22,0
7/4/22,0
7/5/22,0
7/6/22,0
7/7/22,0
7/8/22,0
7/9/22,0
7/10/22,0
7/11/22,0
7/12/22,0
7/13/22,0
7/14/22,0
7/15/22,0
7/16/22,0
7/17/22,0
7/18/22,0
7/19/22,0
7/20/22,0
7/21/22,0
7/22/22,0
7/23/22,0
7/24/22,0
7/25/22,0
7/26/22,0
7/27/22,0
7/28/22,0
7/29/22,0
7/30/22,0
7/31/22,0
8/1/22,0
8/2/22,0
8/3/22,0
8/4/22,0
8/5/22,0
8/6/22,0
8/7/22,0
8/8/22,0
8/9/22,0
8/10/22,0
8/11/22,0
8/12/22,0
8/13/22,0
8/14/22,0
8/15/22,0
8/16/22,0
8/17/22,0
8/18/22,0
8/19/22,0
8/20/22,0
8/21/22,0
8/22/22,0
8/23/22,0
8/24/22,0
8/25/22,0
8/26/22,0
8/27/22,0
8/28/22,0
8/29/22,0
8/30/22,0
8/31/22,0
9/1/22,0
9/2/22,0
9/3/22,0
9/4/22,0
9/5/22,0
9/6/22,0
9/7/22,0
9/8/22,0
9/9/22,0
9/10/22,0
9/11/22,0
9/12/22,0
9/13/22,0
9/14/22,0
9/15/22,0
9/16/22,0
9/17/22,0
9/18/22,1.5
9/19/22,0.02
9/20/22,0
9/21/22,0.02
9/22/22,0
9/23/22,0
9/24/22,0
9/25/22,0
9/26/22,0
9/27/22,0
9/28/22,0
9/29/22,0
9/30/22,0
10/1/22,0
10/2/22,0
10/3/22,0
10/4/22,0
10/5/22,0.01
10/6/22,0
10/7/22,0
10/8/22,0
10/9/22,0
10/10/22,0
10/11/22,0.01
10/12/22,0
10/13/22,0
10/14/22,0
10/15/22,0
10/16/22,0
10/17/22,0.01
10/18/22,0.01
10/19/22,0
10/20/22,0
10/21/22,0
10/22/22,0.01
10/23/22,0
10/24/22,0
10/25/22,0
10/26/22,0
10/27/22,0
10/28/22,0
10/29/22,0.01
10/30/22,0
10/31/22,0
11/1/22,0.32
11/2/22,0.05
11/3/22,0.01
11/4/22,0
11/5/22,0.06
11/6/22,0.17
11/7/22,0.26
11/8/22,1.87
11/9/22,0.05
11/10/22,0.01
11/11/22,0
11/12/22,0.01
11/13/22,0
11/14/22,0.01
11/15/22,0
11/16/22,0.01
11/17/22,0
11/18/22,0
11/19/22,0.01
11/20/22,0
11/21/22,0
11/22/22,0.01
11/23/22,0
11/24/22,0
11/25/22,0.01
11/26/22,0
11/27/22,0
11/28/22,0
11/29/22,0.01
11/30/22,0.01
12/1/22,1.76
12/2/22,0.01
12/3/22,1.2
12/4/22,0.13
12/5/22,0.4
12/6/22,0.31
12/7/22,0
12/8/22,0.25
12/9/22,0.06
12/10/22,3.74
12/11/22,1.5
12/12/22,0.03
12/13/22,0
12/14/22,0.01
12/15/22,0
12/16/22,0.01
12/17/22,0.01
12/18/22,0.01
12/19/22,0.01
12/20/22,0
12/21/22,0
12/22/22,0.01
12/23/22,0
12/24/22,0.01
12/25/22,0
12/26/22,0.11
12/27/22,2.59
12/28/22,0.02
12/29/22,0.55
12/30/22,1.75
12/31/22,5.23
1/1/23,0.01
1/2/23,0.58
1/3/23,0.04
1/4/23,1.86
1/5/23,1.1
1/6/23,0
1/7/23,1.67
1/8/23,1.48
1/9/23,3.63
1/10/23,0.45
1/11/23,1.52
1/12/23,0
1/13/23,1.47
1/14/23,2.78
1/15/23,1.04
1/16/23,0.95
1/17/23,0.01
1/18/23,0.19
1/19/23,0.01
1/20/23,0.02
1/21/23,0
1/22/23,0.01
1/23/23,0
1/24/23,0
1/25/23,0.01
1/26/23,0
1/27/23,0
1/28/23,0
1/29/23,0.04
1/30/23,0
1/31/23,0
2/1/23,0
2/2/23,0
2/3/23,0.97
2/4/23,2.15
2/5/23,0.25
2/6/23,0.01
2/7/23,0
2/8/23,0.01
2/9/23,0.01
2/10/23,0.01
2/11/23,0.27
2/12/23,0
2/13/23,0.01
2/14/23,0.01
2/15/23,0
2/16/23,0
2/17/23,0
2/18/23,0
2/19/23,0
2/20/23,0
2/21/23,0
2/22/23,0.03
2/23/23,0.72
2/24/23,1.41
2/25/23,0.01
2/26/23,1.05
2/27/23,1
2/28/23,1.07