,DATE,OPEN,HIGH,LOW,CLOSE,ADJ CLOSE,VOLUME
0,2018-01-26,110.639999,110.639999,110.639999,110.639999,110.639999,0
1,2018-01-29,116.800003,118.32,116.800003,118.32,118.32,350
2,2018-01-30,123.160004,127.239998,121.959999,122.199997,122.199997,15825
3,2018-01-31,119.839996,122.720001,119.839996,122.599998,122.599998,2300
4,2018-02-01,120.599998,120.599998,115.68,116.428001,116.428001,2700
5,2018-02-02,120.160004,133.199997,120.120003,131.399994,131.399994,7300
6,2018-02-05,135.759995,177.479996,130.520004,175.440002,175.440002,13075
7,2018-02-06,184.0,232.399994,172.464005,172.464005,172.464005,3100
8,2018-02-07,174.960007,180.360001,167.679993,178.160004,178.160004,6950
9,2018-02-08,181.720001,220.720001,181.440002,220.720001,220.720001,25200
10,2018-02-09,198.880005,225.600006,196.0,201.119995,201.119995,11125
11,2018-02-12,193.119995,200.320007,192.0,194.199997,194.199997,3650
12,2018-02-13,195.240005,196.240005,190.399994,191.880005,191.880005,9150
13,2018-02-14,189.279999,189.320007,169.279999,169.919998,169.919998,22325
14,2018-02-15,164.119995,171.360001,163.539993,166.0,166.0,3375
15,2018-02-16,168.800003,170.960007,162.240005,168.479996,168.479996,4650
16,2018-02-20,172.800003,178.720001,171.559998,175.360001,175.360001,10975
17,2018-02-21,173.639999,178.160004,164.320007,178.0,178.0,35675
18,2018-02-22,172.960007,178.039993,171.199997,175.679993,175.679993,13950
19,2018-02-23,170.080002,171.440002,161.880005,161.960007,161.960007,13900
20,2018-02-26,157.279999,158.039993,154.800003,157.119995,157.119995,1025
21,2018-02-27,156.684006,170.479996,156.684006,169.639999,169.639999,17375
22,2018-02-28,165.279999,177.320007,164.800003,176.639999,176.639999,18075
23,2018-03-01,175.279999,197.279999,175.279999,188.800003,188.800003,11325
24,2018-03-02,198.720001,202.080002,180.479996,180.479996,180.479996,13975
25,2018-03-05,183.880005,183.880005,172.160004,173.839996,173.839996,8775
26,2018-03-06,172.479996,180.039993,172.479996,174.759995,174.759995,5250
27,2018-03-07,178.0,178.0,172.119995,172.160004,172.160004,800
28,2018-03-08,170.320007,170.399994,170.320007,170.360001,170.360001,13950
29,2018-03-09,161.279999,161.279999,153.0,153.0,153.0,3700
30,2018-03-12,155.679993,160.0,155.679993,159.039993,159.039993,475
31,2018-03-13,160.320007,162.839996,160.320007,162.839996,162.839996,400
32,2018-03-14,161.960007,167.880005,161.960007,166.399994,166.399994,6000
33,2018-03-15,161.039993,162.759995,161.039993,161.759995,161.759995,200
34,2018-03-16,157.199997,157.199997,157.199997,157.199997,157.199997,250
35,2018-03-19,161.279999,180.720001,161.279999,173.479996,173.479996,4350
36,2018-03-20,172.320007,172.320007,170.160004,170.160004,170.160004,475
37,2018-03-21,167.839996,168.479996,159.199997,163.960007,163.960007,3825
38,2018-03-22,180.639999,190.119995,173.720001,188.800003,188.800003,6900
39,2018-03-23,188.160004,200.080002,182.080002,200.0,200.0,7825
40,2018-03-26,188.559998,196.880005,185.199997,185.199997,185.199997,8450
41,2018-03-27,185.199997,202.399994,185.199997,199.119995,199.119995,8450
42,2018-03-28,204.919998,206.0,200.380005,200.380005,200.380005,13125
43,2018-03-29,196.0,196.0,196.0,196.0,196.0,100
44,2018-04-02,194.639999,213.679993,193.759995,207.360001,207.360001,1125
45,2018-04-03,202.240005,204.679993,198.479996,198.479996,198.479996,150
46,2018-04-04,210.479996,210.880005,194.160004,194.720001,194.720001,700
47,2018-04-05,189.479996,189.479996,189.479996,189.479996,189.479996,500
48,2018-04-06,191.639999,206.800003,191.639999,199.199997,199.199997,225
49,2018-04-09,199.199997,199.199997,199.199997,199.199997,199.199997,250
50,2018-04-10,199.199997,199.199997,199.199997,199.199997,199.199997,25
51,2018-04-11,199.199997,199.199997,199.199997,199.199997,199.199997,25
52,2018-04-12,192.360001,192.360001,192.360001,192.360001,192.360001,200
53,2018-04-13,183.919998,183.919998,183.919998,183.919998,183.919998,200
54,2018-04-16,174.600006,174.600006,174.600006,174.600006,174.600006,150
55,2018-04-17,161.199997,161.199997,161.199997,161.199997,161.199997,175
56,2018-04-18,165.039993,165.039993,162.080002,162.240005,162.240005,475
57,2018-04-19,166.720001,169.360001,163.839996,163.880005,163.880005,5875
58,2018-04-20,170.199997,170.199997,168.440002,168.440002,168.440002,325
59,2018-04-23,167.600006,167.600006,164.360001,166.399994,166.399994,375
60,2018-04-24,166.360001,166.360001,166.360001,166.360001,166.360001,200
61,2018-04-25,183.0,183.0,177.199997,178.199997,178.199997,1150
62,2018-04-26,175.039993,175.039993,169.279999,169.839996,169.839996,325
63,2018-04-27,166.960007,166.960007,165.699997,165.699997,165.699997,75
64,2018-04-30,164.080002,164.080002,164.080002,164.080002,164.080002,25
65,2018-05-01,169.199997,169.440002,169.199997,169.440002,169.440002,75
66,2018-05-02,162.279999,162.639999,159.039993,159.039993,159.039993,150
67,2018-05-03,167.919998,175.0,167.919998,172.0,172.0,575
68,2018-05-04,161.199997,161.199997,161.199997,161.199997,161.199997,50
69,2018-05-07,159.559998,159.559998,159.0,159.0,159.0,275
70,2018-05-08,159.0,159.0,159.0,159.0,159.0,0
71,2018-05-09,156.960007,156.960007,154.759995,155.160004,155.160004,725
72,2018-05-10,146.440002,146.839996,146.440002,146.839996,146.839996,200
73,2018-05-11,145.679993,147.039993,143.320007,143.320007,143.320007,18675
74,2018-05-14,139.119995,139.119995,139.119995,139.119995,139.119995,75
75,2018-05-15,146.279999,149.199997,145.279999,149.199997,149.199997,425
76,2018-05-16,146.0,146.0,142.960007,144.259995,144.259995,200
77,2018-05-17,143.479996,143.479996,140.679993,140.679993,140.679993,375
78,2018-05-18,141.839996,141.960007,141.679993,141.679993,141.679993,400
79,2018-05-21,134.639999,137.240005,134.639999,136.0,136.0,825
80,2018-05-22,136.968002,136.968002,136.968002,136.968002,136.968002,100
81,2018-05-23,143.759995,143.759995,135.919998,135.919998,135.919998,400
82,2018-05-24,138.559998,141.960007,136.720001,136.720001,136.720001,1700
83,2018-05-25,136.720001,136.720001,135.279999,135.279999,135.279999,200
84,2018-05-29,144.240005,157.720001,144.240005,153.679993,153.679993,2400
85,2018-05-30,147.679993,147.679993,146.240005,146.240005,146.240005,725
86,2018-05-31,147.800003,149.279999,145.839996,147.759995,147.759995,950
87,2018-06-01,141.320007,141.360001,140.520004,140.520004,140.520004,2600
88,2018-06-04,140.520004,140.520004,140.520004,140.520004,140.520004,50
89,2018-06-05,136.080002,136.080002,136.080002,136.080002,136.080002,75
90,2018-06-06,132.399994,132.399994,129.759995,129.759995,129.759995,350
91,2018-06-07,128.919998,134.559998,128.919998,131.279999,131.279999,3000
92,2018-06-08,129.720001,129.720001,129.720001,129.720001,129.720001,50
93,2018-06-11,130.800003,130.800003,128.0,128.320007,128.320007,1175
94,2018-06-12,127.120003,127.919998,127.120003,127.919998,127.919998,350
95,2018-06-13,126.639999,129.279999,126.639999,128.559998,128.559998,375
96,2018-06-14,126.400002,126.400002,124.879997,125.087997,125.087997,675
97,2018-06-15,128.0,128.080002,126.480003,126.480003,126.480003,550
98,2018-06-18,130.360001,130.360001,124.879997,124.996002,124.996002,4375
99,2018-06-19,132.839996,134.839996,131.119995,131.356003,131.356003,1200
100,2018-06-20,128.639999,128.639999,126.959999,128.360001,128.360001,13125
101,2018-06-21,129.119995,138.800003,129.119995,136.839996,136.839996,9350
102,2018-06-22,132.080002,134.216003,131.600006,133.279999,133.279999,425
103,2018-06-25,141.039993,156.199997,141.039993,152.399994,152.399994,26250
104,2018-06-26,148.960007,149.440002,143.520004,146.160004,146.160004,375
105,2018-06-27,144.639999,154.960007,144.279999,154.0,154.0,1425
106,2018-06-28,158.960007,159.119995,156.440002,156.800003,156.800003,500
107,2018-06-29,146.960007,148.0,143.880005,147.679993,147.679993,475
108,2018-07-02,156.399994,156.399994,150.960007,150.960007,150.960007,775
109,2018-07-03,150.960007,150.960007,150.960007,150.960007,150.960007,25
110,2018-07-05,144.639999,144.639999,144.639999,144.639999,144.639999,50
111,2018-07-06,140.320007,140.320007,137.460007,137.460007,137.460007,225
112,2018-07-09,132.0,132.0,129.880005,129.919998,129.919998,14075
113,2018-07-10,128.720001,128.919998,127.160004,127.160004,127.160004,3925
114,2018-07-11,131.679993,132.960007,131.279999,131.360001,131.360001,425
115,2018-07-12,129.759995,129.759995,128.0,128.0,128.0,675
116,2018-07-13,127.68,127.68,126.916,126.916,126.916,2675
117,2018-07-16,124.879997,126.620003,124.480003,124.959999,124.959999,6975
118,2018-07-17,122.919998,122.919998,122.879997,122.879997,122.879997,2550
119,2018-07-18,122.239998,124.400002,121.519997,122.239998,122.239998,1275
120,2018-07-19,124.800003,125.480003,124.480003,124.800003,124.800003,625
121,2018-07-20,126.519997,126.599998,124.639999,125.068001,125.068001,675
122,2018-07-23,124.559998,126.400002,124.559998,126.239998,126.239998,875
123,2018-07-24,121.360001,125.760002,121.360001,122.959999,122.959999,3050
124,2018-07-25,123.440002,124.0,120.800003,121.839996,121.839996,7475
125,2018-07-26,121.760002,122.160004,121.760002,122.160004,122.160004,1500
126,2018-07-27,122.400002,128.520004,121.639999,126.160004,126.160004,775
127,2018-07-30,124.639999,128.520004,124.639999,128.520004,128.520004,925
128,2018-07-31,125.519997,125.519997,125.519997,125.519997,125.519997,250
129,2018-08-01,124.239998,124.239998,122.800003,124.0,124.0,475
130,2018-08-02,128.192001,128.192001,122.720001,122.720001,122.720001,250
131,2018-08-03,120.720001,120.800003,120.503998,120.559998,120.559998,550
132,2018-08-06,120.559998,120.559998,117.071999,117.071999,117.071999,6550
133,2018-08-07,115.360001,115.360001,114.120003,114.239998,114.239998,8225
134,2018-08-08,112.160004,112.160004,112.127998,112.127998,112.127998,550
135,2018-08-09,111.800003,114.199997,111.440002,114.120003,114.120003,3400
136,2018-08-10,119.288002,122.0,118.080002,119.839996,119.839996,12975
137,2018-08-13,121.120003,127.040001,117.360001,126.800003,126.800003,10950
138,2018-08-14,123.919998,126.0,120.400002,120.400002,120.400002,13925
139,2018-08-15,127.839996,135.520004,126.639999,127.919998,127.919998,29650
140,2018-08-16,123.120003,123.120003,119.519997,120.919998,120.919998,8050
141,2018-08-17,123.040001,123.360001,117.599998,117.959999,117.959999,10700
142,2018-08-20,115.519997,115.919998,114.879997,115.519997,115.519997,1125
143,2018-08-21,114.720001,117.919998,114.720001,117.839996,117.839996,2000
144,2018-08-22,117.839996,117.839996,115.800003,115.800003,115.800003,4475
145,2018-08-23,115.919998,116.720001,114.559998,116.120003,116.120003,1250
146,2018-08-24,114.0,115.519997,113.68,115.440002,115.440002,4850
147,2018-08-27,114.627998,115.599998,114.480003,115.599998,115.599998,1525
148,2018-08-28,115.199997,116.080002,114.639999,115.720001,115.720001,825
149,2018-08-29,115.839996,115.839996,114.599998,114.599998,114.599998,1625
150,2018-08-30,115.839996,118.503998,115.760002,118.040001,118.040001,650
151,2018-08-31,117.0,119.519997,115.559998,118.760002,118.760002,3350
152,2018-09-04,118.080002,119.839996,117.120003,117.120003,117.120003,4850
153,2018-09-05,120.0,120.639999,117.760002,117.839996,117.839996,1450
154,2018-09-06,120.879997,123.720001,119.68,121.440002,121.440002,12250
155,2018-09-07,124.239998,125.0,122.199997,123.239998,123.239998,1975
156,2018-09-10,121.239998,121.239998,119.120003,119.919998,119.919998,2475
157,2018-09-11,121.360001,121.68,116.400002,116.400002,116.400002,625
158,2018-09-12,115.959999,115.959999,114.363998,114.879997,114.879997,1575
159,2018-09-13,112.559998,112.559998,111.760002,111.760002,111.760002,675
160,2018-09-14,110.519997,111.199997,109.400002,109.400002,109.400002,1200
161,2018-09-17,109.360001,112.800003,109.040001,112.800003,112.800003,9550
162,2018-09-18,111.919998,112.239998,110.559998,112.199997,112.199997,2350
163,2018-09-19,109.0,109.0,107.760002,108.32,108.32,2625
164,2018-09-20,106.720001,107.040001,105.760002,106.559998,106.559998,5450
165,2018-09-21,106.639999,106.664001,105.199997,106.264,106.264,2700
166,2018-09-24,107.199997,108.959999,106.639999,106.68,106.68,900
167,2018-09-25,105.360001,107.68,105.360001,107.68,107.68,950
168,2018-09-26,106.239998,108.0,105.68,108.0,108.0,700
169,2018-09-27,107.440002,107.440002,106.959999,106.959999,106.959999,7075
170,2018-09-28,107.68,107.68,106.800003,106.800003,106.800003,1675
171,2018-10-01,104.0,106.559998,103.760002,105.599998,105.599998,1150
172,2018-10-02,106.0,106.080002,105.279999,105.599998,105.599998,1175
173,2018-10-03,104.239998,105.760002,104.160004,104.800003,104.800003,5700
174,2018-10-04,107.440002,115.199997,106.720001,111.199997,111.199997,4650
175,2018-10-05,109.199997,119.360001,108.279999,112.959999,112.959999,6500
176,2018-10-08,116.760002,121.760002,114.211998,114.559998,114.559998,5625
177,2018-10-09,117.519997,117.68,116.32,116.32,116.32,550
178,2018-10-10,119.599998,136.160004,119.599998,135.800003,135.800003,18575
179,2018-10-11,134.320007,153.600006,131.039993,147.440002,147.440002,24275
180,2018-10-12,134.559998,148.639999,134.559998,136.279999,136.279999,4175
181,2018-10-15,139.207993,142.559998,135.360001,137.080002,137.080002,5975
182,2018-10-16,133.759995,134.759995,127.919998,128.320007,128.320007,66375
183,2018-10-17,127.720001,136.520004,127.720001,129.839996,129.839996,18250
184,2018-10-18,132.919998,142.759995,131.600006,139.399994,139.399994,3600
185,2018-10-19,136.240005,141.919998,135.0,137.080002,137.080002,6175
186,2018-10-22,136.199997,143.919998,136.199997,138.320007,138.320007,4625
187,2018-10-23,150.279999,154.240005,141.080002,143.559998,143.559998,13275
188,2018-10-24,142.600006,154.639999,142.0,154.639999,154.639999,4800
189,2018-10-25,153.199997,157.080002,148.440002,151.440002,151.440002,11000
190,2018-10-26,161.639999,166.600006,155.119995,159.960007,159.960007,30375
191,2018-10-29,153.919998,168.559998,152.199997,161.360001,161.360001,11525
192,2018-10-30,162.639999,162.639999,154.880005,155.240005,155.240005,10700
193,2018-10-31,152.160004,154.199997,148.160004,150.320007,150.320007,6675
194,2018-11-01,151.320007,153.080002,145.360001,145.479996,145.479996,10225
195,2018-11-02,143.240005,151.800003,142.0,146.639999,146.639999,8950
196,2018-11-05,147.039993,147.559998,144.199997,145.240005,145.240005,2275
197,2018-11-06,145.080002,145.479996,140.320007,140.320007,140.320007,3625
198,2018-11-07,135.279999,135.279999,130.199997,130.600006,130.600006,15300
199,2018-11-08,129.520004,131.167999,126.839996,130.0,130.0,2575
200,2018-11-09,131.320007,136.559998,131.192001,132.932007,132.932007,6025
201,2018-11-12,134.679993,144.800003,134.679993,144.240005,144.240005,15275
202,2018-11-13,144.039993,149.199997,141.639999,145.320007,145.320007,9300
203,2018-11-14,142.520004,152.520004,142.399994,149.080002,149.080002,6900
204,2018-11-15,151.720001,155.0,146.919998,147.520004,147.520004,9275
205,2018-11-16,150.039993,151.0,140.279999,140.759995,140.759995,5950
206,2018-11-19,140.880005,149.800003,140.399994,149.0,149.0,17075
207,2018-11-20,157.919998,161.167999,154.960007,157.320007,157.320007,26000
208,2018-11-21,152.567993,155.679993,151.800003,153.639999,153.639999,15225
209,2018-11-23,156.800003,157.479996,153.839996,154.960007,154.960007,2675
210,2018-11-26,151.520004,151.520004,146.119995,146.199997,146.199997,5725
211,2018-11-27,148.759995,148.960007,143.240005,143.600006,143.600006,5825
212,2018-11-28,141.419998,144.600006,138.199997,139.360001,139.360001,12325
213,2018-11-29,141.479996,146.119995,139.839996,141.880005,141.880005,7525
214,2018-11-30,142.044006,142.044006,137.199997,137.880005,137.880005,4750
215,2018-12-03,128.0,131.800003,127.32,130.399994,130.399994,758900
216,2018-12-04,129.160004,149.563995,129.039993,147.360001,147.360001,30100
217,2018-12-06,159.080002,166.479996,150.240005,151.160004,151.160004,74475
218,2018-12-07,150.679993,163.960007,148.160004,161.279999,161.279999,102375
219,2018-12-10,161.520004,169.199997,158.759995,159.720001,159.720001,25100
220,2018-12-11,154.720001,165.039993,154.360001,159.748001,159.748001,249725
221,2018-12-12,155.639999,158.520004,153.720001,158.479996,158.479996,26675
222,2018-12-13,156.399994,159.600006,154.360001,156.039993,156.039993,276850
223,2018-12-14,159.639999,163.320007,157.600006,162.399994,162.399994,19700
224,2018-12-17,163.919998,173.639999,161.520004,170.360001,170.360001,930850
225,2018-12-18,167.600006,175.800003,167.240005,171.160004,171.160004,1290850
226,2018-12-19,170.0,175.839996,162.440002,170.559998,170.559998,57700
227,2018-12-20,175.0,184.600006,172.080002,179.240005,179.240005,53150
228,2018-12-21,179.440002,190.399994,176.759995,188.279999,188.279999,558725
229,2018-12-24,190.839996,197.839996,189.720001,197.720001,197.720001,108400
230,2018-12-26,196.600006,201.0,186.960007,187.240005,187.240005,147900
231,2018-12-27,198.759995,207.919998,193.639999,195.160004,195.160004,253725
232,2018-12-28,195.440002,201.199997,190.479996,194.839996,194.839996,311850
233,2018-12-31,189.919998,192.199997,187.559998,187.960007,187.960007,201900
234,2019-01-02,193.880005,195.192001,181.759995,182.960007,182.960007,513725
235,2019-01-03,186.399994,194.639999,185.160004,190.559998,190.559998,254975
236,2019-01-04,183.240005,184.119995,174.919998,175.440002,175.440002,326375
237,2019-01-07,174.119995,176.567993,169.399994,171.520004,171.520004,640875
238,2019-01-08,168.559998,174.479996,167.520004,168.039993,168.039993,236325
239,2019-01-09,166.679993,167.960007,162.240005,164.080002,164.080002,998175
240,2019-01-10,167.0,169.119995,162.360001,162.360001,162.360001,452975
241,2019-01-11,164.800003,165.279999,157.039993,157.080002,157.080002,1365725
242,2019-01-14,161.600006,161.639999,155.320007,157.520004,157.520004,296725
243,2019-01-15,156.199997,156.880005,150.479996,150.679993,150.679993,564525
244,2019-01-16,149.119995,153.720001,148.520004,153.720001,153.720001,1163000
245,2019-01-17,154.800003,154.839996,149.679993,152.0,152.0,623825
246,2019-01-18,147.759995,149.960007,145.360001,148.240005,148.240005,648675
247,2019-01-22,150.0,163.479996,149.600006,161.279999,161.279999,1482850
248,2019-01-23,158.839996,169.960007,158.399994,160.399994,160.399994,1606450
249,2019-01-24,160.600006,162.559998,152.600006,154.720001,154.720001,1828150
250,2019-01-25,151.320007,152.320007,148.520004,148.919998,148.919998,3038200
251,2019-01-28,154.360001,159.960007,154.199997,155.080002,155.080002,4965875
252,2019-01-29,153.240005,157.199997,151.979996,154.639999,154.639999,3985900
253,2019-01-30,152.119995,154.880005,147.559998,147.839996,147.839996,5240825
254,2019-01-31,147.600006,147.679993,141.720001,141.720001,141.720001,5523375
255,2019-02-01,141.320007,142.600006,139.600006,140.360001,140.360001,6249150
256,2019-02-04,139.720001,140.639999,135.360001,136.0,136.0,4620450
257,2019-02-05,134.800003,135.919998,131.839996,134.839996,134.839996,5169300
258,2019-02-06,133.759995,135.639999,132.320007,134.119995,134.119995,4199600
259,2019-02-07,138.199997,144.039993,136.080002,138.600006,138.600006,7446625
260,2019-02-08,141.759995,143.080002,136.639999,136.919998,136.919998,4806775
261,2019-02-11,135.080002,137.520004,134.080002,135.440002,135.440002,3399625
262,2019-02-12,132.279999,133.880005,131.399994,133.0,133.0,5241725
263,2019-02-13,131.919998,134.199997,131.279999,132.679993,132.679993,4603525
264,2019-02-14,135.720001,138.160004,132.520004,135.080002,135.080002,6582475
265,2019-02-15,132.360001,133.399994,130.100006,130.360001,130.360001,6024200
266,2019-02-19,132.679993,133.080002,129.0,130.759995,130.759995,3992900
267,2019-02-20,129.839996,129.839996,125.407997,125.519997,125.519997,5777200
268,2019-02-21,126.080002,129.139999,123.867996,127.160004,127.160004,5924450
269,2019-02-22,125.0,125.400002,122.080002,122.360001,122.360001,4845825
270,2019-02-25,119.599998,124.68,118.239998,124.559998,124.559998,5110100
271,2019-02-26,126.440002,127.199997,123.559998,125.599998,125.599998,3784000
272,2019-02-27,127.040001,130.320007,124.68,125.720001,125.720001,4924625
273,2019-02-28,125.800003,126.239998,123.199997,125.639999,125.639999,3782600
274,2019-03-01,122.32,124.720001,119.919998,119.919998,119.919998,5382850
275,2019-03-04,118.559998,129.199997,117.080002,122.839996,122.839996,11180050
276,2019-03-05,122.519997,125.559998,121.919998,123.559998,123.559998,4931725
277,2019-03-06,123.559998,128.0,123.440002,127.199997,127.199997,6439475
278,2019-03-07,128.720001,134.600006,128.479996,132.039993,132.039993,9924325
279,2019-03-08,136.080002,138.360001,132.759995,132.919998,132.919998,9753700
280,2019-03-11,130.440002,130.440002,122.800003,123.239998,123.239998,6661550
281,2019-03-12,122.0,122.559998,119.599998,119.760002,119.760002,5552100
282,2019-03-13,118.959999,119.639999,117.440002,118.480003,118.480003,5588975
283,2019-03-14,118.599998,118.816002,116.160004,116.519997,116.519997,4934525
284,2019-03-15,116.0,116.32,112.839996,114.360001,114.360001,5837675
285,2019-03-18,115.239998,117.040001,113.639999,114.639999,114.639999,5316425
286,2019-03-19,112.639999,117.239998,112.480003,115.400002,115.400002,7808900
287,2019-03-20,115.720001,118.040001,112.959999,116.639999,116.639999,8696900
288,2019-03-21,118.360001,118.360001,113.807999,115.120003,115.120003,6080425
289,2019-03-22,117.480003,129.160004,116.32,128.320007,128.320007,17601850
290,2019-03-25,128.559998,132.0,125.760002,128.960007,128.960007,11181100
291,2019-03-26,123.199997,124.919998,120.879997,121.68,121.68,6631875
292,2019-03-27,121.360001,128.440002,120.480003,123.519997,123.519997,9865400
293,2019-03-28,122.720001,124.360001,120.419998,120.760002,120.760002,6538400
294,2019-03-29,118.559998,119.239998,116.68,117.040001,117.040001,6735450
295,2019-04-01,115.879997,116.720001,114.559998,114.959999,114.959999,5434325
296,2019-04-02,115.360001,115.919998,114.120003,114.639999,114.639999,4698275
297,2019-04-03,112.800003,117.139999,112.480003,115.440002,115.440002,5877425
298,2019-04-04,114.800003,116.239998,113.440002,114.279999,114.279999,4740125
299,2019-04-05,112.879997,113.68,111.879997,112.0,112.0,5253125
300,2019-04-08,112.279999,113.120003,111.220001,111.480003,111.480003,4579025
301,2019-04-09,112.959999,116.120003,112.32,115.440002,115.440002,4980650
302,2019-04-10,114.360001,115.199997,112.0,112.199997,112.199997,4156050
303,2019-04-11,110.68,111.480003,109.639999,110.0,110.0,4827025
304,2019-04-12,107.800003,107.879997,104.660004,105.040001,105.040001,6279250
305,2019-04-15,103.480003,107.839996,103.199997,103.68,103.68,6432375
306,2019-04-16,103.0,103.599998,101.68,102.839996,102.839996,4570250
307,2019-04-17,101.120003,105.360001,100.959999,103.559998,103.559998,6554175
308,2019-04-18,103.199997,105.279999,101.720001,101.919998,101.919998,6441925
309,2019-04-22,103.0,103.839996,100.919998,101.0,101.0,3815075
310,2019-04-23,100.400002,100.959999,99.440002,100.199997,100.199997,4985800
311,2019-04-24,100.360001,102.800003,100.160004,102.800003,102.800003,6002875
312,2019-04-25,103.68,107.739998,102.559998,104.800003,104.800003,7097400
313,2019-04-26,103.639999,105.279999,101.040001,101.160004,101.160004,4783025
314,2019-04-29,101.800003,102.800003,100.940002,102.720001,102.720001,3821500
315,2019-04-30,102.32,105.639999,102.0,102.720001,102.720001,4841750
316,2019-05-01,101.559998,106.68,101.0,106.599998,106.599998,6510125
317,2019-05-02,106.599998,110.959999,105.040001,106.760002,106.760002,5983925
318,2019-05-03,103.959999,104.160004,101.239998,101.68,101.68,4046025
319,2019-05-06,111.839996,112.879997,106.639999,107.440002,107.440002,10902575
320,2019-05-07,113.639999,128.279999,112.559998,125.32,125.32,21373425
321,2019-05-08,123.959999,126.160004,118.440002,122.839996,122.839996,11171200
322,2019-05-09,129.600006,133.160004,121.839996,122.199997,122.199997,15112750
323,2019-05-10,123.519997,126.559998,112.760002,112.760002,112.760002,15238950
324,2019-05-13,126.68,130.360001,123.279999,129.800003,129.800003,15013800
325,2019-05-14,124.959999,125.760002,120.919998,122.599998,122.599998,9213600
326,2019-05-15,126.0,126.872002,117.080002,117.440002,117.440002,8022075
327,2019-05-16,116.519997,116.599998,111.639999,112.400002,112.400002,7782225
328,2019-05-17,116.959999,117.040001,110.919998,114.080002,114.080002,10935575
329,2019-05-20,117.239998,119.199997,113.599998,115.760002,115.760002,8184325
330,2019-05-21,112.0,112.080002,109.559998,109.919998,109.919998,5863800
331,2019-05-22,110.400002,110.760002,107.720001,108.879997,108.879997,7018850
332,2019-05-23,113.0,118.0,113.0,116.080002,116.080002,10686425
333,2019-05-24,112.68,115.199997,111.519997,113.68,113.68,6147350
334,2019-05-28,112.879997,117.080002,111.040001,117.080002,117.080002,5534575
335,2019-05-29,119.559998,121.480003,117.279999,119.360001,119.360001,8255250
336,2019-05-30,116.440002,119.519997,115.379997,117.239998,117.239998,5069300
337,2019-05-31,122.919998,123.559998,119.620003,121.68,121.68,7231300
338,2019-06-03,121.599998,125.639999,119.279999,122.919998,122.919998,7259325
339,2019-06-04,119.239998,120.959999,116.0,116.080002,116.080002,6042875
340,2019-06-05,114.599998,117.32,113.239998,113.839996,113.839996,5870000
341,2019-06-06,112.959999,114.199997,111.080002,111.400002,111.400002,4618575
342,2019-06-07,111.080002,112.648003,110.400002,112.239998,112.239998,5831725
343,2019-06-10,110.839996,112.959999,110.440002,111.440002,111.440002,3616725
344,2019-06-11,109.599998,113.199997,109.199997,111.639999,111.639999,4710375
345,2019-06-12,112.440002,113.199997,110.639999,111.120003,111.120003,3556300
346,2019-06-13,109.800003,111.620003,109.32,110.440002,110.440002,4262975
347,2019-06-14,111.199997,112.239998,109.120003,109.279999,109.279999,3420750
348,2019-06-17,109.160004,109.440002,107.528,108.120003,108.120003,3617550
349,2019-06-18,106.160004,107.919998,105.400002,107.279999,107.279999,6222425
350,2019-06-19,106.599998,107.720001,103.519997,103.720001,103.720001,7417800
351,2019-06-20,101.839996,107.279999,101.040001,104.040001,104.040001,8611050
352,2019-06-21,104.800003,107.239998,103.540001,106.480003,106.480003,4935175
353,2019-06-24,105.800003,106.080002,104.559998,105.519997,105.519997,3158750
354,2019-06-25,105.599998,108.723999,105.480003,108.199997,108.199997,4308925
355,2019-06-26,106.080002,108.199997,105.559998,107.360001,107.360001,3396650
356,2019-06-27,106.599998,107.18,104.800003,105.68,105.68,3722700
357,2019-06-28,104.519997,105.199997,103.480003,104.0,104.0,4406175
358,2019-07-01,98.199997,100.32,97.839996,98.239998,98.239998,7549450
359,2019-07-02,98.400002,98.400002,94.440002,94.599998,94.599998,6505625
360,2019-07-03,94.68,95.519997,93.68,94.040001,94.040001,3952325
361,2019-07-05,96.040001,98.839996,94.0,94.32,94.32,6031225
362,2019-07-08,96.480003,97.879997,95.599998,96.919998,96.919998,4503600
363,2019-07-09,99.839996,99.839996,96.879997,97.199997,97.199997,3756050
364,2019-07-10,95.919998,95.947998,93.980003,94.239998,94.239998,4967000
365,2019-07-11,92.919998,94.400002,92.099998,92.68,92.68,5265300
366,2019-07-12,92.040001,92.760002,91.0,91.199997,91.199997,4606450
367,2019-07-15,90.760002,91.720001,90.32,90.839996,90.839996,3986350
368,2019-07-16,90.400002,91.599998,89.160004,91.120003,91.120003,6353875
369,2019-07-17,90.32,93.440002,89.760002,93.440002,93.440002,7264225
370,2019-07-18,93.360001,94.860001,90.839996,92.459999,92.459999,6725925
371,2019-07-19,90.68,93.720001,90.360001,93.519997,93.519997,6555200
372,2019-07-22,93.400002,93.919998,90.959999,91.639999,91.639999,5477125
373,2019-07-23,90.040001,91.519997,88.32,88.400002,88.400002,4735850
374,2019-07-24,89.360001,89.480003,85.639999,86.160004,86.160004,4706325
375,2019-07-25,86.639999,90.400002,86.639999,88.800003,88.800003,7465575
376,2019-07-26,87.160004,87.32,85.839996,86.559998,86.559998,4725375
377,2019-07-29,86.760002,88.0,86.360001,87.32,87.32,4153975
378,2019-07-30,89.040001,89.879997,87.760002,89.360001,89.360001,5865175
379,2019-07-31,89.239998,97.360001,87.720001,94.360001,94.360001,13259525
380,2019-08-01,94.559998,104.559998,90.220001,101.800003,101.800003,27271800
381,2019-08-02,102.0,106.760002,101.080002,102.639999,102.639999,17827625
382,2019-08-05,109.879997,118.5,109.120003,117.199997,117.199997,21665850
383,2019-08-06,112.879997,118.68,109.919998,109.919998,109.919998,14962350
384,2019-08-07,117.760002,120.360001,109.919998,110.480003,110.480003,13633500
385,2019-08-08,108.239998,109.639999,103.480003,103.919998,103.919998,8592275
386,2019-08-09,105.720001,109.860001,104.720001,107.720001,107.720001,9574525
387,2019-08-12,109.400002,115.959999,109.0,115.559998,115.559998,6465900
388,2019-08-13,117.400002,117.599998,106.839996,107.040001,107.040001,10455325
389,2019-08-14,114.360001,122.0,112.279999,121.860001,121.860001,16777725
390,2019-08-15,118.879997,124.0,117.487999,118.68,118.68,8690950
391,2019-08-16,116.360001,116.559998,111.839996,112.120003,112.120003,6838850
392,2019-08-19,107.400002,107.987999,103.519997,103.919998,103.919998,7090425
393,2019-08-20,105.040001,107.160004,104.040001,106.400002,106.400002,6874425
394,2019-08-21,102.120003,102.919998,101.0,101.199997,101.199997,7122450
395,2019-08-22,100.360001,105.839996,100.300003,103.0,103.0,7783850
396,2019-08-23,106.519997,117.839996,101.839996,115.839996,115.839996,19412775
397,2019-08-26,110.120003,115.879997,109.760002,112.400002,112.400002,8086825
398,2019-08-27,110.519997,117.559998,110.160004,114.68,114.68,6651000
399,2019-08-28,117.32,119.0,112.0,112.080002,112.080002,6987225
400,2019-08-29,108.720001,109.760002,106.32,107.400002,107.400002,7175475
401,2019-08-30,105.199997,110.559998,105.199997,108.0,108.0,7020800
402,2019-09-03,112.0,113.800003,110.080002,112.760002,112.760002,9002150
403,2019-09-04,108.360001,110.360001,105.720001,105.800003,105.800003,9129850
404,2019-09-05,103.160004,103.400002,100.599998,101.879997,101.879997,10376350
405,2019-09-06,100.559998,101.260002,98.400002,98.879997,98.879997,7643100
406,2019-09-09,97.080002,100.559998,96.879997,97.919998,97.919998,7805700
407,2019-09-10,99.279999,100.720001,97.360001,97.599998,97.599998,7478575
408,2019-09-11,97.480003,97.839996,95.440002,96.080002,96.080002,8386725
409,2019-09-12,94.279999,95.599998,92.68,93.800003,93.800003,10723625
410,2019-09-13,92.639999,93.32,91.279999,92.32,92.32,8149850
411,2019-09-16,94.400002,94.68,92.040001,93.68,93.68,6985925
412,2019-09-17,93.959999,94.919998,93.160004,93.239998,93.239998,6279825
413,2019-09-18,92.400002,94.767998,90.0,90.239998,90.239998,13000350
414,2019-09-19,89.0,89.260002,87.199997,88.599998,88.599998,8225100
415,2019-09-20,87.68,93.919998,87.32,93.160004,93.160004,9445800
416,2019-09-23,93.519997,93.760002,90.800003,92.360001,92.360001,5756675
417,2019-09-24,90.080002,97.360001,89.800003,96.639999,96.639999,15904075
418,2019-09-25,96.400002,99.879997,93.599998,94.440002,94.440002,10685550
419,2019-09-26,94.199997,97.040001,94.120003,95.239998,95.239998,7833725
420,2019-09-27,94.040001,100.459999,93.519997,97.839996,97.839996,13518775
421,2019-09-30,96.720001,96.839996,93.919998,94.959999,94.959999,5981500
422,2019-10-01,92.519997,99.199997,92.199997,99.160004,99.160004,11764000
423,2019-10-02,101.919998,107.040001,101.879997,105.800003,105.800003,20573900
424,2019-10-03,105.440002,108.400002,101.720001,101.760002,101.760002,12221700
425,2019-10-04,101.0,101.080002,96.199997,96.360001,96.360001,7423925
426,2019-10-07,97.68,98.720001,95.040001,97.080002,97.080002,7252850
427,2019-10-08,100.800003,105.080002,99.720001,104.959999,104.959999,12322125
428,2019-10-09,101.800003,103.32,99.040001,101.440002,101.440002,7426775
429,2019-10-10,101.279999,101.599998,97.419998,97.720001,97.720001,8634350
430,2019-10-11,94.800003,95.279999,90.480003,92.080002,92.080002,18385250
431,2019-10-14,92.400002,92.440002,88.959999,89.080002,89.080002,7048325
432,2019-10-15,87.360001,87.599998,85.440002,86.760002,86.760002,10973525
433,2019-10-16,86.639999,87.519997,85.480003,85.68,85.68,7075025
434,2019-10-17,84.839996,85.720001,83.860001,85.160004,85.160004,6450950
435,2019-10-18,85.519997,87.040001,84.120003,84.959999,84.959999,8136025
436,2019-10-21,84.0,84.32,82.639999,82.720001,82.720001,4555775
437,2019-10-22,82.32,84.120003,81.68,84.040001,84.040001,5040600
438,2019-10-23,84.599998,84.68,82.940002,83.0,83.0,4415775
439,2019-10-24,82.279999,83.800003,81.68,81.839996,81.839996,6226750
440,2019-10-25,82.279999,82.400002,79.120003,79.160004,79.160004,6495150
441,2019-10-28,78.839996,80.199997,78.599998,79.919998,79.919998,6498875
442,2019-10-29,80.68,81.080002,79.339996,79.839996,79.839996,5774625
443,2019-10-30,79.879997,81.82,77.739998,77.879997,77.879997,9691000
444,2019-10-31,78.720001,80.800003,78.160004,79.0,79.0,7561550
445,2019-11-01,76.639999,77.080002,75.360001,75.480003,75.480003,7684850
446,2019-11-04,74.440002,76.239998,74.18,75.599998,75.599998,5518975
447,2019-11-05,76.0,77.32,75.800003,77.160004,77.160004,5689650
448,2019-11-06,77.279999,78.428001,76.639999,76.879997,76.879997,7153825
449,2019-11-07,75.32,76.760002,75.199997,76.160004,76.160004,7727425
450,2019-11-08,76.360001,77.120003,74.5,74.559998,74.559998,6763700
451,2019-11-11,76.0,76.32,73.599998,74.279999,74.279999,5536600
452,2019-11-12,73.720001,74.120003,72.800003,73.400002,73.400002,6735175
453,2019-11-13,74.199997,74.519997,73.120003,73.919998,73.919998,6769675
454,2019-11-14,74.120003,74.760002,72.720001,72.720001,72.720001,5572100
455,2019-11-15,71.599998,71.919998,69.519997,69.599998,69.599998,9368600
456,2019-11-18,69.639999,70.32,69.040001,69.519997,69.519997,6120350
457,2019-11-19,69.160004,70.639999,68.879997,70.279999,70.279999,7540350
458,2019-11-20,70.519997,73.559998,69.519997,71.0,71.0,11390475
459,2019-11-21,70.559998,72.559998,70.360001,71.160004,71.160004,7719900
460,2019-11-22,70.040001,70.800003,69.040001,69.120003,69.120003,6631025
461,2019-11-25,67.599998,67.599998,65.839996,66.120003,66.120003,6786250
462,2019-11-26,65.599998,66.0,64.800003,65.160004,65.160004,7159900
463,2019-11-27,64.620003,64.879997,64.400002,64.839996,64.839996,4740700
464,2019-11-29,65.400002,66.160004,65.120003,66.160004,66.160004,4319725
465,2019-12-02,66.080002,70.519997,65.839996,69.599998,69.599998,13579700
466,2019-12-03,74.959999,76.160004,73.239998,73.639999,73.639999,23443275
467,2019-12-04,71.360001,71.919998,69.360001,70.239998,70.239998,10641750
468,2019-12-05,69.160004,71.519997,69.040001,69.32,69.32,8347525
469,2019-12-06,66.68,67.879997,66.32,66.919998,66.919998,9793850
470,2019-12-09,67.199997,70.459999,66.860001,70.400002,70.400002,9455500
471,2019-12-10,70.0,71.879997,69.080002,70.519997,70.519997,8890375
472,2019-12-11,69.760002,70.160004,68.440002,68.879997,68.879997,7274625
473,2019-12-12,68.720001,69.160004,64.720001,64.800003,64.800003,16025875
474,2019-12-13,64.519997,66.160004,62.040001,62.119999,62.119999,18427925
475,2019-12-16,60.279999,60.84,59.52,60.799999,60.799999,8546550
476,2019-12-17,60.200001,61.119999,59.880001,60.360001,60.360001,7571750
477,2019-12-18,59.639999,61.0,59.472,60.959999,60.959999,7436000
478,2019-12-19,60.720001,61.0,59.439999,59.439999,59.439999,7231500
479,2019-12-20,59.240002,60.16,59.040001,60.16,60.16,6292525
480,2019-12-23,60.0,60.52,59.880001,60.360001,60.360001,3778850
481,2019-12-24,60.119999,60.403999,59.599998,59.759998,59.759998,2578875
482,2019-12-26,59.279999,59.799999,59.200001,59.68,59.68,3389200
483,2019-12-27,59.439999,61.560001,59.400002,60.919998,60.919998,6606000
484,2019-12-30,61.439999,63.84,61.400002,63.040001,63.040001,8561025
485,2019-12-31,63.880001,64.239998,60.240002,60.48,60.48,8281575
486,2020-01-02,58.84,60.16,58.0,58.040001,58.040001,7078100
487,2020-01-03,62.68,62.959999,59.799999,61.16,61.16,12039150
488,2020-01-06,62.959999,63.164001,60.32,60.32,60.32,6514300
489,2020-01-07,60.639999,61.439999,59.400002,60.040001,60.040001,6833775
490,2020-01-08,59.639999,60.0,57.32,59.200001,59.200001,12063125
491,2020-01-09,57.52,58.080002,56.68,56.720001,56.720001,8021725
492,2020-01-10,56.639999,57.139999,55.84,56.48,56.48,8228775
493,2020-01-13,55.84,56.439999,54.959999,55.040001,55.040001,7040325
494,2020-01-14,55.16,55.599998,54.040001,54.639999,54.639999,8340475
495,2020-01-15,54.639999,54.84,54.040001,54.48,54.48,7597775
496,2020-01-16,53.68,53.82,53.040001,53.16,53.16,6890825
497,2020-01-17,53.16,54.240002,53.0,53.279999,53.279999,8372600
498,2020-01-21,54.0,54.080002,52.599998,53.720001,53.720001,10351950
499,2020-01-22,52.68,54.16,52.68,54.16,54.16,9117925
500,2020-01-23,55.0,55.880001,53.799999,53.959999,53.959999,8732350
501,2020-01-24,53.080002,58.119999,52.84,56.959999,56.959999,25634250
502,2020-01-27,61.880001,62.919998,60.48,62.84,62.84,20675775
503,2020-01-28,61.32,61.799999,59.040001,59.32,59.32,13437250
504,2020-01-29,58.279999,60.360001,57.68,59.400002,59.400002,10440675
505,2020-01-30,61.68,63.0,58.400002,58.400002,58.400002,16801750
506,2020-01-31,59.639999,66.800003,59.639999,64.800003,64.800003,26894650
507,2020-02-03,63.16,64.080002,60.880001,62.32,62.32,12925700
508,2020-02-04,59.639999,60.040001,58.439999,59.32,59.32,11827525
509,2020-02-05,57.16,58.919998,56.799999,56.799999,56.799999,11848825
510,2020-02-06,56.32,57.52,56.0,56.360001,56.360001,9674900
511,2020-02-07,58.0,58.68,56.599998,57.52,57.52,11647700
512,2020-02-10,58.040001,58.040001,56.16,56.400002,56.400002,8922800
513,2020-02-11,55.52,56.720001,55.200001,56.48,56.48,9229950
514,2020-02-12,55.439999,55.720001,53.52,53.599998,53.599998,9982125
515,2020-02-13,55.360001,55.875999,54.119999,54.759998,54.759998,8440800
516,2020-02-14,54.240002,55.259998,53.880001,54.080002,54.080002,8393025
517,2020-02-18,55.119999,56.119999,54.279999,55.040001,55.040001,10212175
518,2020-02-19,54.040001,54.639999,53.68,54.240002,54.240002,9042125
519,2020-02-20,54.439999,57.959999,54.0,56.16,56.16,20689250
520,2020-02-21,57.919998,61.200001,57.360001,59.599998,59.599998,21607325
521,2020-02-24,68.639999,71.0,65.400002,70.68,70.68,36219325
522,2020-02-25,68.239998,79.400002,67.720001,77.360001,77.360001,44979850
523,2020-02-26,74.879997,78.559998,72.279999,75.720001,75.720001,33346975
524,2020-02-27,82.599998,88.0,80.440002,88.0,88.0,42263525
525,2020-02-28,98.839996,100.0,90.720001,91.239998,91.239998,36504800
526,2020-03-02,88.800003,94.419998,87.639999,88.120003,88.120003,28015600
527,2020-03-03,87.800003,100.32,84.339996,97.800003,97.800003,31361125
528,2020-03-04,93.599998,97.160004,90.959999,92.0,92.0,21855825
529,2020-03-05,100.720001,110.720001,98.559998,106.720001,106.720001,30423850
530,2020-03-06,126.639999,130.720001,116.959999,119.279999,119.279999,35205550
531,2020-03-09,162.600006,164.679993,140.639999,147.839996,147.839996,18693000
532,2020-03-10,132.0,148.639999,131.080002,136.440002,136.440002,14979175
533,2020-03-11,147.360001,157.800003,145.399994,154.639999,154.639999,12278200
534,2020-03-12,180.399994,195.119995,166.199997,189.440002,189.440002,16277025
535,2020-03-13,168.479996,197.720001,168.080002,172.800003,172.800003,16477375
536,2020-03-16,220.0,247.880005,206.160004,236.839996,236.839996,12150025
537,2020-03-17,230.320007,250.479996,216.919998,234.039993,234.039993,12297975
538,2020-03-18,263.799988,315.359985,247.399994,276.0,276.0,18955550
539,2020-03-19,295.200012,307.600006,223.600006,248.0,248.0,20707425
540,2020-03-20,237.520004,252.320007,210.080002,242.199997,242.199997,14763450
541,2020-03-23,229.479996,236.160004,197.0,204.520004,204.520004,9849450
542,2020-03-24,167.440002,190.960007,158.0,188.600006,188.600006,9108250
543,2020-03-25,192.720001,210.679993,190.679993,203.600006,203.600006,6339350
544,2020-03-26,196.600006,198.839996,182.440002,182.479996,182.479996,7809350
545,2020-03-27,201.360001,202.880005,193.639999,202.399994,202.399994,5857225
546,2020-03-30,202.080002,207.600006,194.320007,194.520004,194.520004,7995075
547,2020-03-31,196.0,197.039993,181.679993,185.0,185.0,7879400
548,2020-04-01,197.679993,203.559998,188.240005,200.880005,200.880005,4763675
549,2020-04-02,198.320007,201.600006,188.820007,189.440002,189.440002,5383750
550,2020-04-03,188.0,191.399994,180.0,181.800003,181.800003,6681550
551,2020-04-06,168.440002,172.279999,166.080002,168.839996,168.839996,4954450
552,2020-04-07,163.639999,174.639999,163.119995,173.639999,173.639999,7011675
553,2020-04-08,171.360001,174.880005,167.679993,169.600006,169.600006,5220675
554,2020-04-09,168.520004,171.559998,165.5,166.279999,166.279999,5851850
555,2020-04-13,165.199997,169.720001,162.479996,162.839996,162.839996,3706575
556,2020-04-14,153.600006,154.479996,148.0,149.639999,149.639999,4494625
557,2020-04-15,160.0,165.720001,157.300003,161.639999,161.639999,5211575
558,2020-04-16,163.360001,167.720001,161.320007,162.960007,162.960007,4666350
559,2020-04-17,156.240005,161.679993,155.240005,156.199997,156.199997,4491675
560,2020-04-20,164.679993,172.0,160.520004,171.360001,171.360001,4824275
561,2020-04-21,184.160004,192.600006,182.880005,185.679993,185.679993,6533300
562,2020-04-22,178.880005,182.320007,174.839996,176.759995,176.759995,4017575
563,2020-04-23,173.919998,179.520004,170.800003,176.240005,176.240005,4641325
564,2020-04-24,172.679993,175.199997,165.843994,166.080002,166.080002,3690650
565,2020-04-27,161.839996,161.880005,151.639999,153.839996,153.839996,5774525
566,2020-04-28,148.399994,158.264008,147.839996,156.279999,156.279999,5672300
567,2020-04-29,147.440002,148.039993,143.399994,146.820007,146.820007,5051550
568,2020-04-30,149.960007,156.880005,149.759995,151.479996,151.479996,4266225
569,2020-05-01,164.399994,168.279999,161.240005,164.759995,164.759995,5164350
570,2020-05-04,170.320007,172.0,160.720001,161.039993,161.039993,3378125
571,2020-05-05,154.800003,155.800003,150.240005,154.679993,154.679993,4456225
572,2020-05-06,151.919998,157.100006,150.828003,156.839996,156.839996,3786325
573,2020-05-07,151.520004,152.380005,148.720001,149.880005,149.880005,4410500
574,2020-05-08,145.839996,146.919998,139.800003,139.800003,139.800003,4867900
575,2020-05-11,143.559998,143.899994,130.0,130.479996,130.479996,4733850
576,2020-05-12,126.512001,144.0,125.68,143.600006,143.600006,6108100
577,2020-05-13,145.360001,164.639999,142.360001,158.600006,158.600006,10831775
578,2020-05-14,166.279999,171.440002,149.880005,149.880005,149.880005,8677975
579,2020-05-15,157.0,159.839996,146.399994,146.399994,146.399994,6311825
580,2020-05-18,136.399994,139.679993,135.240005,136.960007,136.960007,6321025
581,2020-05-19,137.720001,144.399994,134.679993,144.119995,144.119995,5756250
582,2020-05-20,137.440002,140.360001,134.800003,134.800003,134.800003,8109800
583,2020-05-21,135.279999,141.520004,133.399994,138.720001,138.720001,6083675
584,2020-05-22,139.600006,141.720001,136.800003,137.399994,137.399994,3840325
585,2020-05-26,130.919998,136.419998,130.479996,135.320007,135.320007,4798600
586,2020-05-27,131.839996,141.399994,131.580002,132.600006,132.600006,6655275
587,2020-05-28,134.240005,139.184006,132.539993,137.919998,137.919998,5805375
588,2020-05-29,138.639999,141.160004,132.520004,132.520004,132.520004,8143050
589,2020-06-01,136.240005,136.759995,132.919998,133.679993,133.679993,3870025
590,2020-06-02,132.880005,134.612,129.839996,129.960007,129.960007,5699000
591,2020-06-03,127.519997,128.160004,123.760002,124.360001,124.360001,6204950
592,2020-06-04,125.160004,126.32,119.720001,123.360001,123.360001,7249625
593,2020-06-05,115.839996,118.32,115.32,116.68,116.68,6918975
594,2020-06-08,116.080002,120.440002,115.839996,119.279999,119.279999,4146800
595,2020-06-09,122.760002,126.008003,121.839996,125.080002,125.080002,5991125
596,2020-06-10,126.0,128.399994,119.599998,124.519997,124.519997,7538875
597,2020-06-11,138.279999,169.199997,132.520004,166.440002,166.440002,25924175
598,2020-06-12,153.600006,180.119995,149.679993,154.839996,154.839996,17010500
599,2020-06-15,168.880005,174.479996,149.479996,150.880005,150.880005,10042825
600,2020-06-16,141.119995,156.048004,139.960007,147.479996,147.479996,13360400
601,2020-06-17,146.320007,152.080002,145.600006,147.919998,147.919998,8519600
602,2020-06-18,150.160004,151.720001,145.119995,145.240005,145.240005,6501850
603,2020-06-19,141.759995,152.520004,140.600006,147.559998,147.559998,10771300
604,2020-06-22,148.600006,150.559998,139.919998,140.360001,140.360001,8555950
605,2020-06-23,134.080002,138.839996,133.671997,137.800003,137.800003,7521425
606,2020-06-24,142.800003,153.360001,138.759995,146.880005,146.880005,16092800
607,2020-06-25,149.320007,152.520004,141.0,141.559998,141.559998,8958750
608,2020-06-26,141.800003,151.720001,141.279999,150.0,150.0,11173925
609,2020-06-29,147.520004,152.391998,142.479996,142.720001,142.720001,6241725
610,2020-06-30,143.983994,144.395996,134.399994,135.800003,135.800003,6738400
611,2020-07-01,133.479996,135.639999,130.639999,131.559998,131.559998,6205525
612,2020-07-02,126.199997,130.320007,124.120003,129.279999,129.279999,6983975
613,2020-07-06,125.080002,130.619995,124.760002,129.119995,129.119995,5901425
614,2020-07-07,130.199997,134.0,126.660004,133.559998,133.559998,6155900
615,2020-07-08,131.559998,135.839996,129.839996,130.199997,130.199997,6190675
616,2020-07-09,130.360001,138.039993,129.320007,132.240005,132.240005,8074975
617,2020-07-10,133.119995,135.912003,128.520004,128.600006,128.600006,5720700
618,2020-07-13,127.239998,141.559998,126.919998,140.960007,140.960007,8623475
619,2020-07-14,141.080002,144.039993,132.479996,132.839996,132.839996,11530850
620,2020-07-15,128.880005,134.720001,128.520004,129.039993,129.039993,7136175
621,2020-07-16,132.279999,132.279999,126.400002,127.040001,127.040001,6887700
622,2020-07-17,125.720001,126.919998,122.279999,122.480003,122.480003,4787400
623,2020-07-20,120.879997,121.559998,114.919998,116.919998,116.919998,6717850
624,2020-07-21,114.0,119.400002,112.599998,117.959999,117.959999,8986750
625,2020-07-22,118.599998,120.363998,116.519997,116.639999,116.639999,5632425
626,2020-07-23,115.599998,122.720001,114.800003,120.279999,120.279999,8791175
627,2020-07-24,124.080002,125.82,120.559998,120.68,120.68,8248275
628,2020-07-27,119.160004,120.739998,117.080002,117.360001,117.360001,5213500
629,2020-07-28,117.32,118.32,112.919998,116.68,116.68,6415475
630,2020-07-29,115.080002,116.360001,113.68,114.279999,114.279999,5236575
631,2020-07-30,119.440002,125.080002,116.0,116.800003,116.800003,8130625
632,2020-07-31,113.68,119.720001,113.519997,114.080002,114.080002,7686250
633,2020-08-03,113.239998,115.031998,112.440002,113.839996,113.839996,5011375
634,2020-08-04,113.440002,113.440002,110.120003,110.480003,110.480003,4924325
635,2020-08-05,108.720001,110.32,107.800003,108.160004,108.160004,5105200
636,2020-08-06,108.440002,109.32,106.599998,106.959999,106.959999,5409400
637,2020-08-07,108.239998,108.559998,105.080002,106.120003,106.120003,7379275
638,2020-08-10,104.559998,106.199997,102.639999,103.0,103.0,6440750
639,2020-08-11,100.599998,108.559998,100.120003,107.800003,107.800003,9027925
640,2020-08-12,103.720001,104.120003,101.260002,102.120003,102.120003,7084700
641,2020-08-13,102.68,103.400002,99.599998,102.040001,102.040001,7129350
642,2020-08-14,102.919998,103.760002,101.239998,101.760002,101.760002,6763750
643,2020-08-17,99.559998,100.400002,97.68,98.360001,98.360001,4901300
644,2020-08-18,97.519997,99.720001,96.400002,97.32,97.32,5534825
645,2020-08-19,96.519997,99.760002,95.800003,99.080002,99.080002,8906150
646,2020-08-20,102.959999,103.360001,97.599998,98.0,98.0,8860550
647,2020-08-21,99.760002,100.160004,97.940002,98.519997,98.519997,6429400
648,2020-08-24,95.800003,99.139999,95.519997,98.080002,98.080002,6883300
649,2020-08-25,98.400002,101.300003,96.919998,97.559998,97.559998,6560725
650,2020-08-26,96.959999,100.360001,94.559998,99.720001,99.720001,7418275
651,2020-08-27,98.760002,110.800003,97.720001,102.879997,102.879997,13463950
652,2020-08-28,104.080002,108.440002,100.639999,102.32,102.32,8710425
653,2020-08-31,105.199997,108.360001,102.720001,107.400002,107.400002,9084200
654,2020-09-01,107.400002,109.839996,106.559998,109.080002,109.080002,7219250
655,2020-09-02,108.959999,112.919998,108.519997,111.760002,111.760002,10132175
656,2020-09-03,113.279999,131.039993,109.216003,126.839996,126.839996,29757600
657,2020-09-04,123.639999,136.320007,114.160004,115.68,115.68,27723225
658,2020-09-08,124.959999,126.0,112.639999,113.120003,113.120003,15979675
659,2020-09-09,110.244003,111.400002,105.400002,107.32,107.32,9478975
660,2020-09-10,106.360001,111.120003,105.440002,108.519997,108.519997,9801400
661,2020-09-11,105.559998,108.720001,101.959999,102.080002,102.080002,10645925
662,2020-09-14,100.68,101.800003,98.839996,100.279999,100.279999,7572125
663,2020-09-15,99.279999,101.959999,98.760002,100.120003,100.120003,6376075
664,2020-09-16,99.480003,100.0,97.099998,99.839996,99.839996,7435625
665,2020-09-17,102.919998,103.239998,97.120003,97.559998,97.559998,7776750
666,2020-09-18,96.839996,99.919998,94.68,97.480003,97.480003,8654425
667,2020-09-21,101.599998,106.599998,100.18,100.639999,100.639999,9971300
668,2020-09-22,100.480003,104.160004,100.440002,101.440002,101.440002,5823700
669,2020-09-23,101.080002,106.879997,100.599998,106.800003,106.800003,7324825
670,2020-09-24,106.919998,108.0,102.959999,104.760002,104.760002,6855100
671,2020-09-25,104.879997,105.68,101.519997,102.160004,102.160004,5908050
672,2020-09-28,101.32,102.599998,101.040001,101.440002,101.440002,4565325
673,2020-09-29,101.879997,102.0,98.220001,99.760002,99.760002,5655950
674,2020-09-30,98.440002,100.720001,97.160004,99.599998,99.599998,6431850
675,2020-10-01,98.440002,101.599998,98.440002,100.040001,100.040001,6037625
676,2020-10-02,105.239998,105.519997,101.160004,103.120003,103.120003,7483600
677,2020-10-05,102.120003,103.199997,99.099998,99.879997,99.879997,5211750
678,2020-10-06,99.040001,102.160004,97.167999,101.279999,101.279999,8701600
679,2020-10-07,99.32,99.720001,97.239998,97.959999,97.959999,4862300
680,2020-10-08,96.839996,97.400002,93.839996,94.040001,94.040001,6309750
681,2020-10-09,91.239998,91.279999,89.120003,89.160004,89.160004,7283525
682,2020-10-12,87.599998,89.160004,87.120003,87.400002,87.400002,7814250
683,2020-10-13,88.400002,90.360001,87.839996,88.599998,88.599998,5848825
684,2020-10-14,87.800003,89.040001,86.32,87.68,87.68,7393725
685,2020-10-15,91.639999,92.400002,88.160004,88.440002,88.440002,8151650
686,2020-10-16,88.32,89.080002,86.959999,89.080002,89.080002,5859825
687,2020-10-19,88.599998,93.519997,88.440002,92.959999,92.959999,6951450
688,2020-10-20,92.32,93.440002,91.480003,92.919998,92.919998,7437925
689,2020-10-21,92.400002,93.639999,90.127998,90.720001,90.720001,6793550
690,2020-10-22,90.559998,91.360001,87.760002,88.599998,88.599998,5668675
691,2020-10-23,88.239998,90.639999,88.080002,88.68,88.68,4731300
692,2020-10-26,90.800003,98.279999,89.879997,96.68,96.68,12723175
693,2020-10-27,96.671997,98.760002,95.0,97.080002,97.080002,8526150
694,2020-10-28,104.400002,111.071999,103.080002,110.919998,110.919998,19288075
695,2020-10-29,108.68,110.839996,99.760002,103.0,103.0,11750425
696,2020-10-30,104.720001,108.040001,103.080002,106.120003,106.120003,10005575
697,2020-11-02,101.32,105.199997,101.0,103.760002,103.760002,10383325
698,2020-11-03,100.599998,101.239998,96.760002,98.040001,98.040001,9736425
699,2020-11-04,94.0,94.239998,88.800003,89.400002,89.400002,16301900
700,2020-11-05,86.559998,88.919998,85.760002,87.919998,87.919998,9129125
701,2020-11-06,87.199997,87.279999,82.040001,82.080002,82.080002,10651450
702,2020-11-09,76.32,80.440002,72.879997,80.279999,80.279999,14982575
703,2020-11-10,78.279999,81.199997,77.68,77.879997,77.879997,8493075
704,2020-11-11,76.599998,77.599998,74.519997,75.959999,75.959999,8217275
705,2020-11-12,77.112,83.0,76.279999,81.32,81.32,16717675
706,2020-11-13,78.599998,78.68,75.0,76.32,76.32,9463000
707,2020-11-16,74.440002,77.199997,74.160004,74.160004,74.160004,8109925
708,2020-11-17,75.959999,76.400002,73.040001,73.199997,73.199997,8178275
709,2020-11-18,72.440002,76.0,71.68,75.360001,75.360001,9119625
710,2020-11-19,75.160004,76.279999,73.32,74.559998,74.559998,7127700
711,2020-11-20,74.480003,74.720001,72.959999,74.400002,74.400002,7244075
712,2020-11-23,73.400002,74.900002,72.160004,73.440002,73.440002,8152725
713,2020-11-24,71.919998,73.459999,71.760002,72.199997,72.199997,8450425
714,2020-11-25,72.279999,73.239998,69.440002,69.559998,69.559998,6235150
715,2020-11-27,69.0,70.552002,68.400002,70.040001,70.040001,4123650
716,2020-11-30,70.279999,72.68,68.599998,68.720001,68.720001,7110800
717,2020-12-01,68.040001,69.68,67.599998,69.400002,69.400002,9491750
718,2020-12-02,69.519997,69.519997,67.559998,69.040001,69.040001,7652975
719,2020-12-03,68.199997,70.260002,68.0,69.68,69.68,8596825
720,2020-12-04,68.839996,68.879997,67.800003,68.440002,68.440002,8656400
721,2020-12-07,69.160004,69.540001,68.480003,68.839996,68.839996,7489850
722,2020-12-08,69.279999,69.379997,66.360001,66.360001,66.360001,7457475
723,2020-12-09,65.639999,69.400002,65.120003,68.800003,68.800003,16765625
724,2020-12-10,69.360001,69.879997,67.540001,69.440002,69.440002,11550875
725,2020-12-11,71.160004,73.919998,70.080002,72.0,72.0,14058150
726,2020-12-14,69.68,73.919998,69.040001,73.639999,73.639999,9848425
727,2020-12-15,71.959999,72.800003,70.160004,70.239998,70.239998,10592100
728,2020-12-16,70.080002,70.839996,67.879997,67.959999,67.959999,10421775
729,2020-12-17,68.080002,68.480003,66.480003,67.0,67.0,9801025
730,2020-12-18,67.519997,70.279999,67.480003,68.32,68.32,12979075
731,2020-12-21,75.120003,77.879997,72.239998,73.760002,73.760002,22317675
732,2020-12-22,72.919998,73.919998,72.040001,72.440002,72.440002,9027700
733,2020-12-23,70.879997,71.059998,68.239998,69.519997,69.519997,8262275
734,2020-12-24,68.519997,68.559998,67.5,67.519997,67.519997,3509425
735,2020-12-28,66.519997,67.360001,66.239998,67.279999,67.279999,5023750
736,2020-12-29,66.32,71.040001,66.239998,69.720001,69.720001,9087975
737,2020-12-30,69.400002,69.720001,66.959999,67.199997,67.199997,6893100
738,2020-12-31,67.120003,68.279999,65.839996,67.160004,67.160004,7337175
739,2021-01-04,67.080002,75.199997,67.0,73.0,73.0,17689950
740,2021-01-05,74.760002,74.839996,69.940002,70.559998,70.559998,11652575
741,2021-01-06,69.879997,72.0,66.160004,70.199997,70.199997,18566000
742,2021-01-07,67.199997,67.480003,66.0,66.0,66.0,9767075
743,2021-01-08,65.599998,67.760002,64.924004,65.400002,65.400002,11105875
744,2021-01-11,67.800003,69.599998,66.760002,69.360001,69.360001,10320875
745,2021-01-12,67.800003,69.800003,66.800003,67.0,67.0,8408025
746,2021-01-13,66.959999,67.440002,65.360001,65.959999,65.959999,7319875
747,2021-01-14,65.400002,67.080002,64.559998,66.720001,66.720001,9417700
748,2021-01-15,67.720001,70.0,66.720001,68.440002,68.440002,14436825
749,2021-01-19,66.760002,67.720001,66.120003,66.519997,66.519997,10834950
750,2021-01-20,65.639999,66.599998,64.879997,65.239998,65.239998,8728275
751,2021-01-21,65.279999,66.32,64.599998,64.720001,64.720001,10698650
752,2021-01-22,66.32,66.699997,64.800003,65.599998,65.599998,10740475
753,2021-01-25,66.199997,71.099998,65.760002,68.239998,68.239998,18518550
754,2021-01-26,67.040001,68.800003,64.199997,68.800003,68.800003,12164475
755,2021-01-27,70.68,82.239998,70.559998,81.0,81.0,31098150
756,2021-01-28,77.519997,81.120003,75.279999,79.160004,79.160004,19174275
757,2021-01-29,81.160004,87.040001,76.760002,84.32,84.32,30786875
758,2021-02-01,80.360001,85.160004,78.419998,79.519997,79.519997,16282500
759,2021-02-02,75.639999,75.839996,72.0,72.760002,72.760002,10596175
760,2021-02-03,71.160004,72.239998,68.879997,69.0,69.0,9367475
761,2021-02-04,67.519997,67.68,66.0,66.0,66.0,7631900
762,2021-02-05,65.68,67.239998,65.639999,65.879997,65.879997,8669075
763,2021-02-08,65.519997,66.519997,65.32,65.32,65.32,6520675
764,2021-02-09,66.239998,66.68,64.760002,65.599998,65.599998,8565325
765,2021-02-10,65.160004,68.599998,65.040001,66.68,66.68,16738875
766,2021-02-11,65.839996,68.160004,65.040001,65.120003,65.120003,12311900
767,2021-02-12,65.720001,65.720001,62.84,62.959999,62.959999,12277700
768,2021-02-16,63.240002,64.360001,62.400002,63.639999,63.639999,13395425
769,2021-02-17,64.639999,65.720001,62.119999,62.32,62.32,13799550
770,2021-02-18,64.080002,64.879997,62.0,62.639999,62.639999,13717250
771,2021-02-19,62.080002,62.259998,59.68,60.400002,60.400002,15574325
772,2021-02-22,62.400002,62.959999,60.599998,62.919998,62.919998,13786200
773,2021-02-23,63.279999,66.400002,60.240002,60.32,60.32,23321050
774,2021-02-24,61.919998,62.560001,57.759998,57.919998,57.919998,14923475
775,2021-02-25,59.200001,68.800003,58.200001,67.160004,67.160004,38903850
776,2021-02-26,64.323997,69.160004,62.599998,64.120003,64.120003,30336325
777,2021-03-01,60.32,60.32,58.599998,59.360001,59.360001,13451400
778,2021-03-02,59.48,60.195999,58.639999,59.880001,59.880001,12456875
779,2021-03-03,59.439999,62.599998,58.919998,62.439999,62.439999,25533550
780,2021-03-04,61.720001,67.844002,60.32,65.080002,65.080002,30642850
781,2021-03-05,62.599998,66.959999,60.279999,60.48,60.48,25969300
782,2021-03-08,60.599998,62.080002,59.32,61.560001,61.560001,17492700
783,2021-03-09,59.84,60.119999,58.360001,59.080002,59.080002,13217550
784,2021-03-10,57.48,58.779999,57.48,58.32,58.32,11413400
785,2021-03-11,57.400002,57.52,56.48,56.880001,56.880001,10685375
786,2021-03-12,57.919998,58.119999,55.799999,55.799999,55.799999,11852025
787,2021-03-15,55.639999,56.060001,52.439999,52.639999,52.639999,12571350
788,2021-03-16,52.560001,52.720001,51.080002,52.639999,52.639999,12806700
789,2021-03-17,53.200001,53.5,50.279999,50.360001,50.360001,16423575
790,2021-03-18,51.439999,53.639999,50.400002,53.16,53.16,15605975
791,2021-03-19,52.84,54.240002,50.799999,51.080002,51.080002,14359250
792,2021-03-22,50.48,50.759998,47.400002,47.759998,47.759998,12056625
793,2021-03-23,48.119999,50.900002,47.919998,50.0,50.0,15349450
794,2021-03-24,48.959999,50.48,47.959999,50.439999,50.439999,11971525
795,2021-03-25,50.759998,53.200001,48.639999,48.919998,48.919998,18670000
796,2021-03-26,48.040001,49.959999,46.400002,46.959999,46.959999,19741150
797,2021-03-29,48.040001,49.48,47.560001,48.040001,48.040001,15851350
798,2021-03-30,48.040001,48.599998,45.919998,45.959999,45.959999,11819025
799,2021-03-31,45.52,46.599998,44.759998,45.599998,45.599998,14684525
800,2021-04-01,45.0,45.279999,43.880001,44.200001,44.200001,11994825
801,2021-04-05,42.84,43.580002,42.68,43.080002,43.080002,13201450
802,2021-04-06,43.040001,43.380001,42.32,43.080002,43.080002,11132300
803,2021-04-07,43.080002,43.220001,41.759998,41.959999,41.959999,10051600
804,2021-04-08,41.360001,41.759998,40.919998,41.32,41.32,10664025
805,2021-04-09,41.68,41.939999,40.560001,41.240002,41.240002,11981400
806,2021-04-12,41.560001,42.360001,40.639999,40.639999,40.639999,10427550
807,2021-04-13,40.68,40.84,40.0,40.360001,40.360001,12164075
808,2021-04-14,40.52,41.48,40.16,41.240002,41.240002,14926950
809,2021-04-15,40.240002,40.439999,39.639999,39.880001,39.880001,13289375
810,2021-04-16,39.84,40.16,38.919998,39.240002,39.240002,12350750
811,2021-04-19,39.560001,41.799999,39.400002,40.68,40.68,20708275
812,2021-04-20,41.200001,42.959999,40.84,41.599998,41.599998,21666575
813,2021-04-21,41.799999,42.32,39.16,39.360001,39.360001,13573750
814,2021-04-22,39.32,42.560001,39.080002,41.799999,41.799999,28042300
815,2021-04-23,41.369999,41.580002,39.279999,40.169998,40.169998,31214900
816,2021-04-26,39.77,40.428001,39.632,39.82,39.82,11530400
817,2021-04-27,39.59,40.240002,38.84,39.009998,39.009998,13862300
818,2021-04-28,38.84,39.389999,38.490002,38.869999,38.869999,14357000
819,2021-04-29,38.150002,40.169998,38.0,38.57,38.57,21675800
820,2021-04-30,39.41,40.529999,38.93,40.16,40.16,19490200
821,2021-05-03,39.200001,39.619999,38.700001,38.75,38.75,15508600
822,2021-05-04,39.75,42.389999,39.459999,40.209999,40.209999,35515300
823,2021-05-05,39.5,40.424999,38.48,39.189999,39.189999,20343200
824,2021-05-06,39.299999,40.880001,38.825001,38.950001,38.950001,22085800
825,2021-05-07,38.919998,39.029999,36.575001,36.740002,36.740002,18431100
826,2021-05-10,36.68,38.400002,36.040001,38.349998,38.349998,24610400
827,2021-05-11,40.529999,42.150002,39.299999,41.209999,41.209999,40345100
828,2021-05-12,42.779999,49.950001,42.66,48.395,48.395,72180700
829,2021-05-13,45.68,45.709999,42.439999,43.75,43.75,43257400
830,2021-05-14,41.470001,41.5,38.220001,38.605,38.605,22618400
831,2021-05-17,39.369999,41.41,38.650002,39.869999,39.869999,33846900
832,2021-05-18,39.380001,40.610001,38.419998,40.450001,40.450001,28257900
833,2021-05-19,43.110001,46.32,42.055,42.349998,42.349998,64813800
834,2021-05-20,41.18,41.759998,39.599998,39.990002,39.990002,29556700
835,2021-05-21,39.330002,40.02,38.849998,39.48,39.48,24667000
836,2021-05-24,38.669998,38.73,37.299999,37.73,37.73,15660600
837,2021-05-25,37.470001,38.349998,37.375,37.700001,37.700001,18781900
838,2021-05-26,37.139999,37.27,35.75,35.900002,35.900002,22880600
839,2021-05-27,35.5,35.52,33.93,34.16,34.16,18914200
840,2021-05-28,33.82,34.75,33.66,34.700001,34.700001,16924900
841,2021-06-01,33.849998,35.57,33.68,35.529999,35.529999,19229400
842,2021-06-02,35.119999,35.450001,34.110001,34.610001,34.610001,19932400
843,2021-06-03,35.675999,36.18,34.722,35.25,35.25,24713600
844,2021-06-04,34.130001,34.130001,33.25,33.389999,33.389999,19782400
845,2021-06-07,33.360001,33.700001,32.720001,32.790001,32.790001,14137300
846,2021-06-08,32.599998,33.880001,32.52,33.139999,33.139999,20537300
847,2021-06-09,32.810001,33.91,32.759998,33.68,33.68,16125600
848,2021-06-10,32.790001,32.98,31.639999,31.73,31.73,24325100
849,2021-06-11,31.059999,31.16,30.58,30.82,30.82,19847100
850,2021-06-14,30.73,31.690001,30.629999,31.110001,31.110001,20280600
851,2021-06-15,31.25,32.029999,31.1,31.790001,31.790001,21526200
852,2021-06-16,31.370001,32.929001,30.809999,32.07,32.07,49202100
853,2021-06-17,32.16,32.584999,30.775,31.889999,31.889999,31179000
854,2021-06-18,33.389999,34.880001,32.5,34.689999,34.689999,50294000
855,2021-06-21,33.450001,34.48,32.040001,32.540001,32.540001,23109900
856,2021-06-22,32.740002,32.91,30.860001,30.870001,30.870001,18504900
857,2021-06-23,30.469999,30.620001,29.969999,30.290001,30.290001,15040400
858,2021-06-24,29.52,29.879999,29.42,29.700001,29.700001,14285100
859,2021-06-25,29.559999,29.9,29.15,29.15,29.15,15929200
860,2021-06-28,28.98,29.629999,28.84,29.15,29.15,17049900
861,2021-06-29,28.99,29.84,28.879999,29.77,29.77,14229300
862,2021-06-30,29.99,30.18,29.18,29.459999,29.459999,19095900
863,2021-07-01,29.15,29.417999,28.902,28.98,28.98,17944800
864,2021-07-02,28.27,29.105,28.07,28.91,28.91,27155700
865,2021-07-06,28.66,30.450001,28.629999,29.57,29.57,25319300
866,2021-07-07,29.25,30.629999,29.190001,29.629999,29.629999,19595900
867,2021-07-08,32.240002,32.470001,31.030001,31.549999,31.549999,36928700
868,2021-07-09,30.59,30.790001,29.280001,29.43,29.43,23346300
869,2021-07-12,29.51,29.66,29.030001,29.24,29.24,14056700
870,2021-07-13,29.25,29.700001,28.610001,29.59,29.59,22036500
871,2021-07-14,28.889999,29.959999,28.65,28.91,28.91,27004800
872,2021-07-15,29.68,30.02,29.139999,29.33,29.33,32807300
873,2021-07-16,28.690001,30.620001,28.51,30.549999,30.549999,26681300
874,2021-07-19,32.310001,37.040001,32.0,34.91,34.91,79128300
875,2021-07-20,34.639999,35.23,31.530001,31.969999,31.969999,35415500
876,2021-07-21,31.24,31.360001,29.870001,29.940001,29.940001,24336700
877,2021-07-22,30.120001,30.940001,29.700001,30.469999,30.469999,24605600
878,2021-07-23,29.82,30.440001,29.74,30.33,30.33,23220800
879,2021-07-26,30.690001,31.059999,29.85,29.85,29.85,20693800
880,2021-07-27,30.51,32.43,30.51,30.860001,30.860001,39801200
881,2021-07-28,30.540001,31.42,29.540001,29.99,29.99,30244200
882,2021-07-29,29.85,29.85,29.285,29.49,29.49,15717500
883,2021-07-30,30.549999,30.6,29.52,30.209999,30.209999,21891900
884,2021-08-02,29.879999,31.540001,29.75,31.379999,31.379999,22800000
885,2021-08-03,30.879999,31.709999,29.799999,29.809999,29.809999,28969800
886,2021-08-04,30.370001,30.49,29.48,29.77,29.77,17487500
887,2021-08-05,29.5,29.540001,29.01,29.049999,29.049999,18181000
888,2021-08-06,28.76,28.945,28.26,28.299999,28.299999,19026400
889,2021-08-09,28.23,28.549999,27.77,28.01,28.01,20829200
890,2021-08-10,27.629999,27.93,27.23,27.530001,27.530001,17499600
891,2021-08-11,27.309999,27.530001,26.66,26.780001,26.780001,19714500
892,2021-08-12,26.959999,27.049999,25.940001,26.24,26.24,18388100
893,2021-08-13,25.870001,26.389999,25.754999,26.280001,26.280001,16970400
894,2021-08-16,26.93,27.48,26.32,26.32,26.32,32470200
895,2021-08-17,27.17,28.559999,26.77,27.200001,27.200001,52000600
896,2021-08-18,27.58,29.315001,27.18,29.07,29.07,38167500
897,2021-08-19,30.41,30.9,28.93,30.014999,30.014999,73950800
898,2021-08-20,29.559999,29.709999,27.530001,27.76,27.76,34256300
899,2021-08-23,26.99,26.996,26.360001,26.809999,26.809999,23755600
900,2021-08-24,26.68,26.924999,26.530001,26.709999,26.709999,16860800
901,2021-08-25,26.620001,26.76,26.040001,26.129999,26.129999,14731500
902,2021-08-26,26.5,27.58,26.27,27.25,27.25,35935800
903,2021-08-27,26.84,26.85,25.65,25.85,25.85,26675300
904,2021-08-30,25.540001,25.889999,25.42,25.59,25.59,18911900
905,2021-08-31,25.75,25.969999,25.445,25.49,25.49,15950200
906,2021-09-01,25.33,25.549999,24.65,24.82,24.82,19214400
907,2021-09-02,24.57,25.26,24.51,24.77,24.77,24455800
908,2021-09-03,25.200001,25.43,24.73,24.940001,24.940001,27318900
909,2021-09-07,25.120001,25.791,25.09,25.549999,25.549999,23409000
910,2021-09-08,26.040001,26.450001,25.440001,25.51,25.51,28293800
911,2021-09-09,25.719999,26.17,24.959999,26.049999,26.049999,29233600
912,2021-09-10,25.15,27.219999,24.92,27.059999,27.059999,37098500
913,2021-09-13,25.889999,27.309999,25.76,26.09,26.09,45584900
914,2021-09-14,25.700001,26.9,25.51,26.459999,26.459999,41913400
915,2021-09-15,25.969999,26.540001,25.24,25.43,25.43,33428400
916,2021-09-16,25.58,26.18,24.905001,25.18,25.18,36471100
917,2021-09-17,25.299999,26.9,25.129999,26.809999,26.809999,45550300
918,2021-09-20,28.92,32.41,28.25,29.74,29.74,101854800
919,2021-09-21,28.9,30.379999,28.209999,28.860001,28.860001,54071600
920,2021-09-22,27.92,28.309999,26.49,27.07,27.07,55003800
921,2021-09-23,26.200001,26.249001,25.254999,25.360001,25.360001,47090800
922,2021-09-24,25.98,26.030001,24.530001,24.58,24.58,34217500
923,2021-09-27,24.74,25.049999,24.370001,24.82,24.82,26043900
924,2021-09-28,25.870001,27.98,25.629999,27.41,27.41,76194000
925,2021-09-29,27.24,28.040001,26.91,27.809999,27.809999,45598200
926,2021-09-30,27.07,28.325001,26.440001,27.83,27.83,59459300
927,2021-10-01,27.23,28.190001,26.15,26.82,26.82,42129500
928,2021-10-04,26.85,28.5,26.610001,27.57,27.57,56766900
929,2021-10-05,27.34,27.549999,26.040001,26.549999,26.549999,32795400
930,2021-10-06,27.190001,28.280001,26.15,26.209999,26.209999,52529900
931,2021-10-07,25.77,25.77,25.18,25.26,25.26,27069900
932,2021-10-08,24.950001,25.190001,24.6,24.790001,24.790001,32690500
933,2021-10-11,25.0,25.139999,24.15,25.120001,25.120001,26813000
934,2021-10-12,24.719999,25.190001,24.34,24.610001,24.610001,24718000
935,2021-10-13,24.48,25.01,24.07,24.139999,24.139999,38537400
936,2021-10-14,23.360001,23.49,22.790001,22.809999,22.809999,33950900
937,2021-10-15,22.610001,22.940001,22.18,22.790001,22.790001,29412600
938,2021-10-18,23.15,23.209999,22.33,22.370001,22.370001,21147900
939,2021-10-19,22.219999,22.42,22.0,22.15,22.15,25084900
940,2021-10-20,22.200001,22.26,21.83,21.950001,21.950001,25647800
941,2021-10-21,22.09,22.195,21.190001,21.219999,21.219999,25902500
942,2021-10-22,21.299999,22.200001,21.059999,21.700001,21.700001,36418600
943,2021-10-25,21.5,21.91,21.030001,21.059999,21.059999,28526100
944,2021-10-26,20.83,21.934999,20.790001,21.469999,21.469999,31197700
945,2021-10-27,21.379999,22.040001,20.889999,21.950001,21.950001,34147300
946,2021-10-28,21.57,21.67,21.191999,21.27,21.27,20552400
947,2021-10-29,21.799999,21.860001,21.26,21.440001,21.440001,26626500
948,2021-11-01,21.24,21.9,21.055,21.1,21.1,21840300
949,2021-11-02,21.040001,21.059999,20.52,20.530001,20.530001,20673500
950,2021-11-03,20.59,20.73,19.639999,19.82,19.82,39745800
951,2021-11-04,19.6,20.389999,19.469999,20.049999,20.049999,32790500
952,2021-11-05,19.9,20.93,19.82,20.83,20.83,36396000
953,2021-11-08,20.51,21.25,20.440001,20.860001,20.860001,25122200
954,2021-11-09,21.030001,21.73,20.98,21.209999,21.209999,36983900
955,2021-11-10,21.65,22.110001,20.83,21.6,21.6,53773600
956,2021-11-11,21.1,21.344999,20.68,21.139999,21.139999,18399700
957,2021-11-12,20.76,20.950001,20.280001,20.360001,20.360001,22150900
958,2021-11-15,20.110001,20.799999,20.1,20.120001,20.120001,20316700
959,2021-11-16,20.27,20.299999,19.860001,20.190001,20.190001,19401700
960,2021-11-17,20.129999,20.6,19.99,20.52,20.52,23302700
961,2021-11-18,20.299999,20.98,20.219999,20.709999,20.709999,24908700
962,2021-11-19,20.809999,21.200001,20.51,20.959999,20.959999,31519000
963,2021-11-22,20.51,21.42,20.379999,21.33,21.33,39617700
964,2021-11-23,21.34,21.75,20.719999,20.85,20.85,42159400
965,2021-11-24,21.35,21.74,20.42,20.549999,20.549999,34758600
966,2021-11-26,22.969999,26.440001,22.625,26.16,26.16,82949400
967,2021-11-29,23.16,23.360001,21.635,22.049999,22.049999,49655100
968,2021-11-30,23.49,25.52,23.030001,25.459999,25.459999,71348200
969,2021-12-01,23.629999,27.370001,22.754999,27.299999,27.299999,70009900
970,2021-12-02,26.469999,26.950001,25.17,25.719999,25.719999,57070000
971,2021-12-03,25.5,30.15,25.299999,27.959999,27.959999,132634200
972,2021-12-06,26.969999,27.93,25.639999,25.780001,25.780001,71276900
973,2021-12-07,24.280001,24.290001,22.6,22.9,22.9,44137300
974,2021-12-08,22.700001,23.030001,21.52,21.52,21.52,25274800
975,2021-12-09,21.59,22.639999,21.24,22.200001,22.200001,49356800
976,2021-12-10,21.139999,21.84,20.73,20.780001,20.780001,46288300
977,2021-12-13,20.98,21.85,20.93,21.639999,21.639999,42192700
978,2021-12-14,22.35,23.007999,21.73,21.93,21.93,51174800
979,2021-12-15,22.129999,23.01,20.35,20.43,20.43,72622900
980,2021-12-16,20.059999,21.975,19.959999,21.290001,21.290001,79506900
981,2021-12-17,22.110001,22.620001,21.120001,21.969999,21.969999,69646700
982,2021-12-20,24.0,24.870001,22.6,22.780001,22.780001,73259300
983,2021-12-21,22.030001,22.559999,21.41,21.66,21.66,37977200
984,2021-12-22,21.610001,21.610001,20.389999,20.41,20.41,31383600
985,2021-12-23,20.200001,20.280001,19.950001,20.18,20.18,31655100
986,2021-12-27,20.02,20.290001,19.6,19.700001,19.700001,26696300
987,2021-12-28,19.59,19.799999,19.17,19.209999,19.209999,30755200
988,2021-12-29,19.18,19.389999,18.549999,18.709999,18.709999,24990000
989,2021-12-30,18.610001,18.875,18.290001,18.709999,18.709999,20741800
990,2021-12-31,18.65,18.860001,18.370001,18.530001,18.530001,23370200
991,2022-01-03,18.280001,18.65,17.860001,17.9,17.9,38597100
992,2022-01-04,17.76,18.42,17.709999,17.879999,17.879999,41376400
993,2022-01-05,18.02,19.309999,17.6,19.290001,19.290001,78263000
994,2022-01-06,19.370001,19.700001,18.805,19.379999,19.379999,65273800
995,2022-01-07,19.32,19.860001,18.73,18.82,18.82,52311100
996,2022-01-10,19.540001,20.605,18.41,18.469999,18.469999,92378700
997,2022-01-11,18.719999,19.120001,17.77,17.82,17.82,52551300
998,2022-01-12,17.59,17.98,17.295,17.629999,17.629999,43270200
999,2022-01-13,17.58,18.889999,17.4,18.74,18.74,59111100
1000,2022-01-14,19.370001,19.465,18.295,18.450001,18.450001,86630200
1001,2022-01-18,19.25,20.040001,19.209999,19.889999,19.889999,69039100
1002,2022-01-19,19.469999,20.540001,19.375,20.360001,20.360001,71325700
1003,2022-01-20,19.860001,21.389999,19.08,21.24,21.24,70723600
1004,2022-01-21,21.6,23.23,21.15,23.200001,23.200001,136712700
1005,2022-01-24,25.01,27.84,23.271,23.719999,23.719999,186572800
1006,2022-01-25,25.33,26.26,23.15,23.860001,23.860001,142307800
1007,2022-01-26,22.799999,24.865,21.76,24.32,24.32,145446500
1008,2022-01-27,23.1,25.129999,22.635,24.49,24.49,120736600
1009,2022-01-28,23.99,25.040001,22.83,22.950001,22.950001,102376700
1010,2022-01-31,23.209999,23.4,21.41,21.41,21.41,62965600
1011,2022-02-01,21.01,21.620001,19.795,19.84,19.84,53538700
1012,2022-02-02,19.709999,20.23,19.299999,19.42,19.42,44406400
1013,2022-02-03,20.639999,21.969999,20.094999,21.780001,21.780001,70183200
1014,2022-02-04,21.52,22.16,20.299999,21.0,21.0,65158800
1015,2022-02-07,20.5,20.74,19.969999,20.42,20.42,44798100
1016,2022-02-08,20.219999,20.587,19.41,19.5,19.5,41790100
1017,2022-02-09,18.940001,19.15,18.709999,18.709999,18.709999,43074000
1018,2022-02-10,19.73,20.965,18.780001,20.459999,20.459999,86161800
1019,2022-02-11,20.469999,23.870001,20.295,23.24,23.24,116988900
1020,2022-02-14,23.309999,24.799999,23.01,23.309999,23.309999,103615600
1021,2022-02-15,21.68,22.219999,21.33,21.389999,21.389999,55678200
1022,2022-02-16,21.700001,22.139999,20.459999,20.530001,20.530001,57347600
1023,2022-02-17,21.709999,23.09,21.620001,22.959999,22.959999,67194700
1024,2022-02-18,23.18,24.07,22.799999,23.450001,23.450001,75873700
1025,2022-02-22,23.790001,24.620001,22.879999,23.360001,23.360001,86877400
1026,2022-02-23,22.73,24.77,22.65,24.700001,24.700001,76133500
1027,2022-02-24,27.4,27.450001,23.77,23.924999,23.924999,110653700
1028,2022-02-25,23.719999,24.200001,22.620001,22.950001,22.950001,65153500
1029,2022-02-28,24.700001,24.969999,23.549999,24.0,24.0,74178800
1030,2022-03-01,24.65,26.969999,24.32,26.67,26.67,72612800
1031,2022-03-02,26.309999,26.49,24.700001,24.959999,24.959999,53362500
1032,2022-03-03,24.68,25.77,24.34,25.110001,25.110001,52247000
1033,2022-03-04,26.49,27.32,26.025,26.200001,26.200001,61525300
1034,2022-03-07,26.299999,28.530001,26.26,28.49,28.49,66983300
1035,2022-03-08,28.26,29.360001,26.68,28.15,28.15,88667700
1036,2022-03-09,26.695,27.219999,26.200001,27.030001,27.030001,63120700
1037,2022-03-10,27.4,27.530001,25.809999,25.83,25.83,49045000
1038,2022-03-11,25.030001,26.43,24.99,26.34,26.34,51116600
1039,2022-03-14,26.209999,30.75,25.450001,28.809999,28.809999,66570700
1040,2022-03-15,30.889999,41.650002,28.700001,28.700001,28.700001,52589200
1041,2022-03-16,29.540001,29.67,25.889999,25.950001,25.950001,15644000
1042,2022-03-17,26.4,27.540001,25.799999,26.15,26.15,8647700
1043,2022-03-18,27.379999,27.879999,24.639999,25.0,25.0,9717500
1044,2022-03-21,24.790001,26.32,23.889999,26.01,26.01,9679300
1045,2022-03-22,25.540001,25.65,24.48,25.445,25.445,4890400
1046,2022-03-23,25.9,25.99,24.48,25.49,25.49,4934700
1047,2022-03-24,25.02,26.030001,24.75,25.200001,25.200001,3591000
1048,2022-03-25,25.049999,25.780001,24.940001,25.200001,25.200001,4481500
1049,2022-03-28,25.719999,30.469999,25.4,25.73,25.73,10903200
1050,2022-03-29,25.1,25.49,24.219999,24.85,24.85,5172500
1051,2022-03-30,25.280001,25.809999,24.780001,25.0,25.0,3986400
1052,2022-03-31,25.33,26.02,25.209999,25.700001,25.700001,2966400
1053,2022-04-01,25.57,25.889999,25.0,25.030001,25.030001,3073500
1054,2022-04-04,25.01,25.280001,23.99,24.43,24.43,3641900
1055,2022-04-05,24.6,25.889999,24.171,24.809999,24.809999,4502300
1056,2022-04-06,26.01,26.469999,24.35,24.379999,24.379999,4747100
1057,2022-04-07,24.68,24.950001,24.01,24.049999,24.049999,3285200
1058,2022-04-08,24.35,25.0,23.715,24.67,24.67,2781400
1059,2022-04-11,25.379999,26.1,24.75,26.1,26.1,3504900
1060,2022-04-12,25.18,26.370001,24.700001,25.74,25.74,4329700
1061,2022-04-13,25.75,26.02,24.530001,24.59,24.59,2951700
1062,2022-04-14,24.52,25.07,24.15,24.99,24.99,2932600
1063,2022-04-18,25.15,25.589001,24.84,25.309999,25.309999,2518300
1064,2022-04-19,25.08,25.24,24.459999,24.73,24.73,2553800
1065,2022-04-20,24.360001,25.17,24.309999,24.389999,24.389999,1708800
1066,2022-04-21,24.200001,25.219999,24.01,24.860001,24.860001,2631900
1067,2022-04-22,24.870001,26.5,24.809999,26.15,26.15,4436400
1068,2022-04-25,26.6,26.969999,24.799999,24.799999,24.799999,5422600
1069,2022-04-26,25.23,27.16,25.209999,26.35,26.35,4749700
1070,2022-04-27,26.01,27.25,25.51,27.200001,27.200001,6069900
1071,2022-04-28,25.9,27.709999,25.5,26.040001,26.040001,5054900
1072,2022-04-29,26.51,28.15,26.09,27.709999,27.709999,6171800
1073,2022-05-02,28.889999,29.280001,27.5,27.5,27.5,5275200
1074,2022-05-03,27.139999,27.809999,26.77,27.049999,27.049999,2461700
1075,2022-05-04,26.58,26.84,24.85,24.85,24.85,4701100
1076,2022-05-05,25.059999,27.58,25.059999,27.0,27.0,7728300
1077,2022-05-06,27.4,28.459999,26.639999,27.07,27.07,5865100
1078,2022-05-09,28.33,28.690001,27.32,28.01,28.01,4473500
1079,2022-05-10,26.799999,28.43,26.549999,27.055,27.055,4548500
1080,2022-05-11,27.15,27.700001,26.030001,27.280001,27.280001,2744100
1081,2022-05-12,27.459999,28.190001,26.58,26.93,26.93,3659100
1082,2022-05-13,26.27,26.48,25.77,25.969999,25.969999,3174500
1083,2022-05-16,26.0,26.190001,24.4,24.690001,24.690001,4166500
1084,2022-05-17,24.07,25.74,24.07,24.790001,24.790001,3598600
1085,2022-05-18,25.299999,26.469999,24.52,26.09,26.09,5234900
1086,2022-05-19,26.290001,26.860001,25.280001,25.355,25.355,4407700
1087,2022-05-20,24.9,26.5,24.725,25.049999,25.049999,6747100
1088,2022-05-23,24.809999,25.629999,23.33,24.059999,24.059999,5864400
1089,2022-05-24,24.4,25.0,23.92,24.030001,24.030001,5019800
1090,2022-05-25,24.4,24.450001,23.1,23.65,23.65,3020500
1091,2022-05-26,23.389999,23.42,22.889999,23.26,23.26,3247900
1092,2022-05-27,22.719999,22.870001,22.200001,22.459999,22.459999,3282600
1093,2022-05-31,22.799999,23.048,22.200001,22.559999,22.559999,3632600
1094,2022-06-01,22.15,23.200001,21.959999,22.26,22.26,3157900
1095,2022-06-02,22.389999,22.540001,21.700001,21.700001,21.700001,3444100
1096,2022-06-03,22.16,22.671,21.84,21.889999,21.889999,3225500
1097,2022-06-06,21.610001,22.450001,21.514999,22.030001,22.030001,3860700
1098,2022-06-07,22.01,22.34,21.610001,21.67,21.67,2881600
1099,2022-06-08,21.75,21.959999,21.4,21.799999,21.799999,2275400
1100,2022-06-09,21.75,23.34,21.57,23.129999,23.129999,4289300
1101,2022-06-10,23.299999,24.1,22.98,23.33,23.33,7313000
1102,2022-06-13,24.629999,26.290001,24.52,25.84,25.84,7424800
1103,2022-06-14,25.58,26.059999,25.02,25.33,25.33,3311500
1104,2022-06-15,24.799999,25.049999,23.160999,23.969999,23.969999,5662000
1105,2022-06-16,24.959999,26.09,24.790001,25.4,25.4,4775100
1106,2022-06-17,25.15,25.59,24.41,24.66,24.66,3148500
1107,2022-06-21,23.85,24.5,23.629999,24.5,24.5,3305100
1108,2022-06-22,24.85,24.909,23.530001,23.84,23.84,3387200
1109,2022-06-23,23.42,23.940001,22.879999,23.4,23.4,7693000
1110,2022-06-24,23.09,23.25,22.799999,23.120001,23.120001,8127700
1111,2022-06-27,22.889999,23.17,22.5,22.6,22.6,2369200
1112,2022-06-28,22.25,23.059999,22.17,22.780001,22.780001,3153000
1113,2022-06-29,23.0,23.35,22.594999,22.84,22.84,2194300
1114,2022-06-30,23.25,23.77,22.780001,23.08,23.08,2598400
1115,2022-07-01,23.18,23.540001,22.41,22.540001,22.540001,2246900
1116,2022-07-05,23.139999,23.52,22.52,22.549999,22.549999,2544800
1117,2022-07-06,22.58,22.940001,22.16,22.16,22.16,1787200
1118,2022-07-07,22.120001,22.33,21.77,22.33,22.33,2348600
1119,2022-07-08,22.299999,22.299999,21.815001,21.99,21.99,1922100
1120,2022-07-11,22.23,22.549999,21.93,22.209999,22.209999,2271400
